Pricing Date,BP. | Share Price (Daily)($)
03/07/2025,5.340006457862447
03/06/2025,5.28014042514746
03/05/2025,5.253742100724609
03/04/2025,5.186550562511918
03/03/2025,5.500057192969077
02/28/2025,5.503750125843149
02/27/2025,5.526943613435831
02/26/2025,5.469870647524023
02/25/2025,5.529049975322391
02/24/2025,5.641829140394991
02/21/2025,5.657038113899247
02/20/2025,5.711181026749049
02/19/2025,5.824815499314801
02/18/2025,5.833890564085741
02/17/2025,5.836980789364144
02/14/2025,5.898968500163931
02/13/2025,5.816563224876184
02/12/2025,5.817850094947313
02/11/2025,5.742307357855377
02/10/2025,5.76222684703434
02/07/2025,5.372976995101382
02/06/2025,5.338277565546333
02/05/2025,5.307402446199877
02/04/2025,5.270582360651645
02/03/2025,5.215512424095667
01/31/2025,5.251643857751924
01/30/2025,5.253842222693108
01/29/2025,5.1764647381310525
01/28/2025,5.202646404098942
01/27/2025,5.2051733393256185
01/24/2025,5.243733373299861
01/23/2025,5.22870574880002
01/22/2025,5.249707494303837
01/21/2025,5.258781061735393
01/20/2025,5.285297843814959
01/17/2025,5.294598120131176
01/16/2025,5.2460941801142695
01/15/2025,5.1764648294091735
01/14/2025,5.124750012194527
01/13/2025,5.242298246893768
01/10/2025,5.185600839259793
01/09/2025,5.197152447346096
01/08/2025,5.191854074815062
01/07/2025,5.27058588432188
01/06/2025,5.185347526612398
01/03/2025,5.0642418223573955
01/02/2025,4.988183764120712
12/31/2024,4.920064599321457
12/30/2024,4.839638106440755
12/27/2024,4.853005980484734
12/24/2024,4.779545426053381
12/23/2024,4.764407734184344
12/20/2024,4.765586693320258
12/19/2024,4.760917894419533
12/18/2024,4.867211699588687
12/17/2024,4.830285547267159
12/16/2024,4.886311729178297
12/13/2024,4.997854185600322
12/12/2024,5.043121515032198
12/11/2024,5.023392782020066
12/10/2024,5.041234879481983
12/09/2024,5.036831470445303
12/06/2024,4.815046142864427
12/05/2024,4.8369814786468694
12/04/2024,4.887088981003484
12/03/2024,4.907260872317528
12/02/2024,4.812665174563433
11/29/2024,4.886864605963588
11/28/2024,4.886598460933835
11/27/2024,4.865676178895771
11/26/2024,4.811046146897192
11/25/2024,4.871447052765112
11/22/2024,4.913602182154878
11/21/2024,4.898339908991215
11/20/2024,4.8219950206629845
11/19/2024,4.851649535493847
11/18/2024,4.894547845437993
11/15/2024,4.836773125387055
11/14/2024,4.821505759109055
11/13/2024,4.70687747236673
11/12/2024,4.682380837040909
11/11/2024,4.801812587700666
11/08/2024,4.824867519710481
11/07/2024,4.9528087553714935
11/06/2024,4.97868119694452
11/05/2024,5.0091050988553585
11/04/2024,4.948507027657231
11/01/2024,4.8975046294497755
10/31/2024,4.848114300424765
10/30/2024,4.864362255513941
10/29/2024,4.930895947369105
10/28/2024,5.182107381678894
10/25/2024,5.2565983356485395
10/24/2024,5.208778957466392
10/23/2024,5.211528257690467
10/22/2024,5.2758992198756465
10/21/2024,5.258680036889345
10/18/2024,5.211471497319926
10/17/2024,5.203658171694702
10/16/2024,5.141657240186709
10/15/2024,5.138241608629627
10/14/2024,5.33006186212837
10/11/2024,5.3544573618067455
10/10/2024,5.360987512559208
10/09/2024,5.3177012456819845
10/08/2024,5.318007562574415
10/07/2024,5.522772769498489
10/04/2024,5.458366614725871
10/03/2024,5.362527861544512
10/02/2024,5.393574403735442
10/01/2024,5.323103063771041
09/30/2024,5.249966492427289
09/27/2024,5.201340033500838
09/26/2024,5.148064697835358
09/25/2024,5.3450762533052005
09/24/2024,5.488865692414753
09/23/2024,5.497623371074557
09/20/2024,5.435229791243647
09/19/2024,5.540734251811739
09/18/2024,5.419164839808775
09/17/2024,5.404497932741685
09/16/2024,5.362424082387113
09/13/2024,5.312758770258014
09/12/2024,5.268869219605946
09/11/2024,5.186559874975581
09/10/2024,5.1908785769326204
09/09/2024,5.315199916347523
09/06/2024,5.335490149662012
09/05/2024,5.416321321913934
09/04/2024,5.441528387724511
09/03/2024,5.451962234996793
09/02/2024,5.656272184681724
08/30/2024,5.642798007805826
08/29/2024,5.721825193140391
08/28/2024,5.69710491227607
08/27/2024,5.717858135196286
08/23/2024,5.675718554165895
08/22/2024,5.579264301610158
08/21/2024,5.624893814446462
08/20/2024,5.595329523710347
08/19/2024,5.737853870017263
08/16/2024,5.691271878345435
08/15/2024,5.7041972704235855
08/14/2024,5.612493899463153
08/13/2024,5.603713582273287
08/12/2024,5.619471289052513
08/09/2024,5.5391668582228695
08/08/2024,5.487060080922208
08/07/2024,5.562057166117563
08/06/2024,5.469414707861888
08/05/2024,5.501378535688756
08/02/2024,5.693002777386698
08/01/2024,5.796194611160771
07/31/2024,5.891983512461959
07/30/2024,5.793727150279007
07/29/2024,5.822547268029974
07/26/2024,5.842578190279081
07/25/2024,5.840910847221864
07/24/2024,5.854342460620002
07/23/2024,5.818367267891495
07/22/2024,5.912437039907013
07/19/2024,5.906360994510817
07/18/2024,5.953539048211992
07/17/2024,5.887708254756858
07/16/2024,5.785948411001853
07/15/2024,5.835226903849899
07/12/2024,5.8906049073220155
07/11/2024,5.835550618687195
07/10/2024,5.8395519991779805
07/09/2024,5.8060764088602586
07/08/2024,6.089550323946373
07/05/2024,6.17563811938884
07/04/2024,6.259015765622008
07/03/2024,6.1602573102400795
07/02/2024,6.145322226871046
07/01/2024,6.047164088565363
06/28/2024,6.005535405108243
06/27/2024,5.978528887371495
06/26/2024,5.939712954898322
06/25/2024,6.005804301266047
06/24/2024,6.01751380163716
06/21/2024,5.946894609916542
06/20/2024,5.9639249090517295
06/19/2024,5.9343386142393575
06/18/2024,5.923364841717946
06/17/2024,5.844996256867695
06/14/2024,5.833639810787161
06/13/2024,5.868469732729476
06/12/2024,5.969363516133588
06/11/2024,5.958423978728548
06/10/2024,5.991601450658521
06/07/2024,5.8869931422318915
06/06/2024,5.92180128114971
06/05/2024,5.878222233571238
06/04/2024,5.918075123373136
06/03/2024,6.154318382381154
05/31/2024,6.211112948990367
05/30/2024,6.183340341756184
05/29/2024,6.218453205853559
05/28/2024,6.222926436575985
05/24/2024,6.156395385890002
05/23/2024,6.133772292204243
05/22/2024,6.130448615972002
05/21/2024,6.240860597891739
05/20/2024,6.2412654046499805
05/17/2024,6.242455814899052
05/16/2024,6.199870756832782
05/15/2024,6.2956863241907906
05/14/2024,6.320226486316451
05/13/2024,6.3388856113572745
05/10/2024,6.334705727765334
05/09/2024,6.308267948092253
05/08/2024,6.2527328377787486
05/07/2024,6.317651042907849
05/03/2024,6.405863674586142
05/02/2024,6.445163628184784
05/01/2024,6.361694953355063
04/30/2024,6.51779116516163
04/29/2024,6.567767360718902
04/26/2024,6.536794379951174
04/25/2024,6.575873055538201
04/24/2024,6.533981427381559
04/23/2024,6.507432978789575
04/22/2024,6.444967991020216
04/19/2024,6.391747458321436
04/18/2024,6.38655881143199
04/17/2024,6.4338624338624335
04/16/2024,6.4114201867717835
04/15/2024,6.5696522681683955
04/12/2024,6.710649156656501
04/11/2024,6.506750753907179
04/10/2024,6.526786050422277
04/09/2024,6.5451228319122245
04/08/2024,6.45034788108792
04/05/2024,6.388296328086541
04/04/2024,6.445933450708686
04/03/2024,6.4622885798375584
04/02/2024,6.394588613960975
03/28/2024,6.26619641751046
03/27/2024,6.222143659802276
03/26/2024,6.31156235793302
03/25/2024,6.395782500410879
03/22/2024,6.285516285516286
03/21/2024,6.292045152217703
03/20/2024,6.2772599534593905
03/19/2024,6.339130102917043
03/18/2024,6.275522536160901
03/15/2024,6.253263541308473
03/14/2024,6.249760850987846
03/13/2024,6.207046597642601
03/12/2024,6.101363525999003
03/11/2024,6.042787599282603
03/08/2024,6.06913751655161
03/07/2024,6.09125689352936
03/06/2024,6.104758626843601
03/05/2024,5.990560637093388
03/04/2024,5.964549182929772
03/01/2024,5.959465777137587
02/29/2024,5.820226138588845
02/28/2024,5.849899401470383
02/27/2024,5.916202464185563
02/26/2024,5.912185720987436
02/23/2024,5.906953755687074
02/22/2024,5.917668322400435
02/21/2024,5.9381193430703
02/20/2024,5.900169461517059
02/19/2024,5.975559107441761
02/16/2024,5.9431622155907275
02/15/2024,5.89526240992039
02/14/2024,5.980395848237257
02/13/2024,6.0428763965688805
02/12/2024,6.054502519289296
02/09/2024,6.04446971132588
02/08/2024,6.005674653215637
02/07/2024,5.991138265776286
02/06/2024,6.028243823236964
02/05/2024,5.688892786010448
02/02/2024,5.798622084571139
02/01/2024,5.91684773631177
01/31/2024,5.879847425301971
01/30/2024,5.936593583361833
01/29/2024,5.906894758867317
01/26/2024,5.873074427893605
01/25/2024,5.786472620136137
01/24/2024,5.7735204517354335
01/23/2024,5.714647584066873
01/22/2024,5.672410504228397
01/19/2024,5.648400380107698
01/18/2024,5.636760432923502
01/17/2024,5.680738686020444
01/16/2024,5.730176225406357
01/15/2024,5.769892117028188
01/12/2024,5.795612613417389
01/11/2024,5.77084339186339
01/10/2024,5.807843037459284
01/09/2024,5.837240923589137
01/08/2024,5.8863674052530195
01/05/2024,6.0359212788994325
01/04/2024,6.0117581329202325
01/03/2024,5.967780686114589
01/02/2024,5.946068777457961
12/29/2023,5.937611453609823
12/28/2023,5.9270206910610534
12/27/2023,5.979547694316102
12/22/2023,5.9434910376938435
12/21/2023,5.904888551165147
12/20/2023,5.919259775651182
12/19/2023,5.914280247464761
12/18/2023,5.885701995217551
12/15/2023,5.8149281786199625
12/14/2023,5.948216428772055
12/13/2023,5.75740882172503
12/12/2023,5.784506883180444
12/11/2023,5.862536229156473
12/08/2023,5.869927667949505
12/07/2023,5.787197123062027
12/06/2023,5.865802228236923
12/05/2023,5.945646285073518
12/04/2023,5.958137127419172
12/01/2023,6.063755624564294
11/30/2023,6.061181114316077
11/29/2023,5.981091664871304
11/28/2023,6.026159877193206
11/27/2023,5.989711389340697
11/24/2023,6.008448395435344
11/23/2023,5.9332122047490765
11/22/2023,5.808505601036722
11/21/2023,5.970981443660649
11/20/2023,6.003823852844148
11/17/2023,5.934235207890781
11/16/2023,5.816538141539073
11/15/2023,6.002166307690392
11/14/2023,6.000998190779213
11/13/2023,5.943957324176835
11/10/2023,5.831990822105058
11/09/2023,5.838246131171702
11/08/2023,5.866189650721056
11/07/2023,5.915373453677971
11/06/2023,6.089628427351911
11/03/2023,6.0631753536903865
11/02/2023,6.07078934872338
11/01/2023,5.993817057646845
10/31/2023,6.095741713259997
10/30/2023,6.395327658851099
10/27/2023,6.445537938156855
10/26/2023,6.462860947999274
10/25/2023,6.4951471642189915
10/24/2023,6.49939797866777
10/23/2023,6.50515816750599
10/20/2023,6.629632781066527
10/19/2023,6.714514718740892
10/18/2023,6.779002101733626
10/17/2023,6.764580413187884
10/16/2023,6.694877016694511
10/13/2023,6.648377659897306
10/12/2023,6.5465069421548145
10/11/2023,6.400934981853971
10/10/2023,6.4403370414433425
10/09/2023,6.35465393211769
10/06/2023,6.190388735843282
10/05/2023,6.068510141543849
10/04/2023,6.0654085300689795
10/03/2023,6.223455598455598
10/02/2023,6.303505725492101
09/29/2023,6.484758255436508
09/28/2023,6.604337796438466
09/27/2023,6.541704123035059
09/26/2023,6.4566737610215865
09/25/2023,6.436767578125
09/22/2023,6.442717780283346
09/21/2023,6.398544220530917
09/20/2023,6.487116245057819
09/19/2023,6.501406077724509
09/18/2023,6.4349011588275395
09/15/2023,6.488819436693083
09/14/2023,6.504337466026286
09/13/2023,6.350674181172912
09/12/2023,6.524642130617644
09/11/2023,6.4802635699700595
09/08/2023,6.452216429266346
09/07/2023,6.419753086419753
09/06/2023,6.447702248384637
09/05/2023,6.425314356777671
09/04/2023,6.331637997400205
09/01/2023,6.310165818255128
08/31/2023,6.178080802960409
08/30/2023,6.227483928457769
08/29/2023,6.127933383800152
08/25/2023,5.980208477410756
08/24/2023,5.983499892610327
08/23/2023,5.985669457395856
08/22/2023,6.0844102107072375
08/21/2023,6.089347779036756
08/18/2023,6.028752610400855
08/17/2023,6.048515596119772
08/16/2023,6.030525591002984
08/15/2023,6.036118646442262
08/14/2023,6.113345938606398
08/11/2023,6.177841565798332
08/10/2023,6.249124817007192
08/09/2023,6.265181285211043
08/08/2023,6.107724999681889
08/07/2023,6.1682839632277835
08/04/2023,6.212564335065963
08/03/2023,6.076887860213139
08/02/2023,6.016183737503334
08/01/2023,6.1388977381331635
07/31/2023,6.2124583585218724
07/28/2023,6.113290040506654
07/27/2023,6.169774919614148
07/26/2023,6.188979839908962
07/25/2023,6.1845861084681255
07/24/2023,6.200566601289595
07/21/2023,6.114580923741229
07/20/2023,6.068023539691106
07/19/2023,6.053008134273523
07/18/2023,5.9941176470588236
07/17/2023,5.918212500981136
07/14/2023,5.9873288210294335
07/13/2023,6.099046471420339
07/12/2023,6.0654693835118
07/11/2023,5.932815138507548
07/10/2023,5.830479342235219
07/07/2023,5.820638852170788
07/06/2023,5.710460187323909
07/05/2023,5.847120312321171
07/04/2023,5.983509562163606
07/03/2023,5.9724213170279965
06/30/2023,5.8246813485659095
06/29/2023,5.736774388859457
06/28/2023,5.753795204327986
06/27/2023,5.769892555347379
06/26/2023,5.838431891321215
06/23/2023,5.777955697891647
06/22/2023,5.859499394942996
06/21/2023,5.906313645621181
06/20/2023,5.782286929827913
06/19/2023,5.9044840294840295
06/16/2023,5.8921566113689385
06/15/2023,5.865839809108194
06/14/2023,5.854163228517385
06/13/2023,5.861547191223757
06/12/2023,5.785465050838555
06/09/2023,5.8983357862560855
06/08/2023,5.931182471859353
06/07/2023,5.901588290252258
06/06/2023,5.850040345105828
06/05/2023,5.873914825440589
06/02/2023,5.918204389215356
06/01/2023,5.779369591624611
05/31/2023,5.61480435509643
05/30/2023,5.787430385870037
05/26/2023,5.8785099721421
05/25/2023,5.854256800897336
05/24/2023,6.018730437579642
05/23/2023,6.0653110909610355
05/22/2023,5.983006844465423
05/19/2023,5.998978154946602
05/18/2023,5.965045121088368
05/17/2023,5.968482519402092
05/16/2023,5.943505788034317
05/15/2023,6.029012353405009
05/12/2023,6.021768130758394
05/11/2023,5.977601201276356
05/10/2023,6.145906934490764
05/09/2023,6.163735459614949
05/05/2023,6.218892903160607
05/04/2023,5.987459633338777
05/03/2023,6.111285364782636
05/02/2023,6.08270536214735
04/28/2023,6.71820981834182
04/27/2023,6.541157070221245
04/26/2023,6.65003430424749
04/25/2023,6.5660199474023715
04/24/2023,6.6480718225852655
04/21/2023,6.577885892296426
04/20/2023,6.607567513726857
04/19/2023,6.661772574002414
04/18/2023,6.7650676506765075
04/17/2023,6.723042306455999
04/14/2023,6.721916429556552
04/13/2023,6.746483988528346
04/12/2023,6.725915215575803
04/11/2023,6.673377325429668
04/06/2023,6.613450706852176
04/05/2023,6.653452015857581
04/04/2023,6.586459777869395
04/03/2023,6.596904024767802
03/31/2023,6.319279493269991
03/30/2023,6.349206349206349
03/29/2023,6.289191952791022
03/28/2023,6.2679750663457385
03/27/2023,6.089900873491021
03/24/2023,5.9450604530617746
03/23/2023,6.147000456063799
03/22/2023,6.169351386391711
03/21/2023,6.13850037191947
03/20/2023,5.975826737836678
03/17/2023,5.8414371432396575
03/16/2023,5.843841224850708
03/15/2023,5.857227081854388
03/14/2023,6.44886950394246
03/13/2023,6.350884869700505
03/10/2023,6.623730612441808
03/09/2023,6.636640930321228
03/08/2023,6.61532993721123
03/07/2023,6.62137810025134
03/06/2023,6.73019081306095
03/03/2023,6.651255270218474
03/02/2023,6.702816329455605
03/01/2023,6.614659711036854
02/28/2023,6.669655189125009
02/27/2023,6.712442429562644
02/24/2023,6.573005519317611
02/23/2023,6.576574410272441
02/22/2023,6.507340965846715
02/21/2023,6.669737113214636
02/20/2023,6.7171273510547405
02/17/2023,6.716731246775993
02/16/2023,6.818509442121955
02/15/2023,6.724173144154642
02/14/2023,6.806416332482684
02/13/2023,6.761855082309269
02/10/2023,6.758469206724675
02/09/2023,6.6311836972768035
02/08/2023,6.434950518947622
02/07/2023,6.201289733767248
02/06/2023,5.749606355998413
02/03/2023,5.878546721172686
02/02/2023,5.876000196357568
02/01/2023,6.062042223179664
01/31/2023,6.021729222354984
01/30/2023,6.087919429872316
01/27/2023,6.058242329693187
01/26/2023,5.985758789497107
01/25/2023,5.86418609247798
01/24/2023,5.860555165057403
01/23/2023,5.949243352264992
01/20/2023,5.8914930233134
01/19/2023,5.868535894868276
01/18/2023,6.01397736409178
01/17/2023,5.949910993800257
01/16/2023,5.870578758512949
01/13/2023,5.9111046022040785
01/12/2023,5.901751055622482
01/11/2023,5.802434706695443
01/10/2023,5.7786102630842775
01/09/2023,5.846761896629543
01/06/2023,5.746274949108036
01/05/2023,5.6151355726426555
01/04/2023,5.606638664564502
01/03/2023,5.793757341835878
12/30/2022,5.722031447677571
12/29/2022,5.7975471220288695
12/28/2022,5.777996945022432
12/23/2022,5.775376563234885
12/22/2022,5.747997402035072
12/21/2022,5.800954740467701
12/20/2022,5.66956542832539
12/19/2022,5.679369986732719
12/16/2022,5.534288526741769
12/15/2022,5.692760778179685
12/14/2022,5.831760147051519
12/13/2022,5.835676854272228
12/12/2022,5.666948726438813
12/09/2022,5.682531091237868
12/08/2022,5.670443295567045
12/07/2022,5.6494423610772895
12/06/2022,5.80910070005385
12/05/2022,5.895550596871152
12/02/2022,5.890639163134814
12/01/2022,5.994195018002792
11/30/2022,5.9368250217783025
11/29/2022,5.891191647809585
11/28/2022,5.814904337578315
11/25/2022,5.902865914832408
11/24/2022,5.863984186463904
11/23/2022,5.826729866965783
11/22/2022,5.792147367421544
11/21/2022,5.4030945585772585
11/18/2022,5.675166601099151
11/17/2022,5.6380748209574065
11/16/2022,5.719327012190774
11/15/2022,5.6683697718631185
11/14/2022,5.633456046146271
11/11/2022,5.630089911971001
11/10/2022,5.489027774538839
11/09/2022,5.501666134112384
11/08/2022,5.616457364878928
11/07/2022,5.753927301914918
11/04/2022,5.647046863881265
11/03/2022,5.515877007678637
11/02/2022,5.5491269877640805
11/01/2022,5.572164948453607
10/31/2022,5.5155765030463275
10/28/2022,5.480809345014602
10/27/2022,5.5895794186559025
10/26/2022,5.407663564416182
10/25/2022,5.35012524992531
10/24/2022,5.308994792666811
10/21/2022,5.205846419404373
10/20/2022,5.206533157127851
10/19/2022,5.119770580296896
10/18/2022,5.025848835109265
10/17/2022,5.130239247557301
10/14/2022,5.104318564217611
10/13/2022,5.185583342763381
10/12/2022,4.978119980058716
10/11/2022,5.027380674686483
10/10/2022,5.102896551724138
10/07/2022,5.21668538638613
10/06/2022,5.1505963436192355
10/05/2022,5.176661154793643
10/04/2022,5.198325555860555
10/03/2022,5.004634968007415
09/30/2022,4.826003142306364
09/29/2022,4.762928421029423
09/28/2022,4.687752051362018
09/27/2022,4.63473633284954
09/26/2022,4.652735693879318
09/23/2022,4.734937519815457
09/22/2022,5.159252879386631
09/21/2022,5.160051651488379
09/20/2022,5.160341209743637
09/16/2022,5.163335237007425
09/15/2022,5.246253906968192
09/14/2022,5.347104952693794
09/13/2022,5.318499227950497
09/12/2022,5.358229566519989
09/09/2022,5.219888376832403
09/08/2022,5.091943454775313
09/07/2022,5.0611931225124165
09/06/2022,5.220128687069025
09/05/2022,5.33174537420602
09/02/2022,5.251400527802214
09/01/2022,5.087873056875317
08/31/2022,5.13885979002258
08/30/2022,5.240656058979981
08/26/2022,5.392607251395859
08/25/2022,5.429310833806013
08/24/2022,5.344795034573902
08/23/2022,5.445773420737563
08/22/2022,5.27961996143173
08/19/2022,5.289642789642789
08/18/2022,5.305294491856012
08/17/2022,5.19037810621665
08/16/2022,5.160626777179502
08/15/2022,5.138702704008309
08/12/2022,5.219547085636699
08/11/2022,5.221474542945423
08/10/2022,5.162946893652487
08/09/2022,5.107393663955134
08/08/2022,5.042637724695965
08/05/2022,4.952242149765728
08/04/2022,4.953560371517028
08/03/2022,4.97631193127431
08/02/2022,4.927977128614888
08/01/2022,4.816651730360804
07/29/2022,4.866949760911093
07/28/2022,4.722518676627534
07/27/2022,4.7349785020052755
07/26/2022,4.671531969124967
07/25/2022,4.654773941932688
07/22/2022,4.60940882197316
07/21/2022,4.5906226457962145
07/20/2022,4.654032296708036
07/19/2022,4.635952678657305
07/18/2022,4.584752266295746
07/15/2022,4.428696911426062
07/14/2022,4.295307557947411
07/13/2022,4.496525087319847
07/12/2022,4.489973325712108
07/11/2022,4.572692252817806
07/08/2022,4.651792483483159
07/07/2022,4.624017283802437
07/06/2022,4.388638230497256
07/05/2022,4.444312161438181
07/04/2022,4.862936537739392
07/01/2022,4.625563909774436
06/30/2022,4.718391153776049
06/29/2022,4.8209566756370155
06/28/2022,4.839417392894143
06/27/2022,4.818091218918021
06/24/2022,4.750316482922214
06/23/2022,4.605642264261982
06/22/2022,4.716203413187651
06/21/2022,4.85503063943707
06/20/2022,4.793857984253125
06/17/2022,4.632184188681088
06/16/2022,4.982504558671331
06/15/2022,5.154303493686761
06/14/2022,5.227324624130182
06/13/2022,5.182915709231499
06/10/2022,5.388974437942717
06/09/2022,5.613784640044079
06/08/2022,5.663952219029576
06/07/2022,5.615433954196169
06/06/2022,5.51728025453771
06/01/2022,5.38593139274966
05/31/2022,5.47093506689848
05/30/2022,5.487550160132664
05/27/2022,5.4326298394116375
05/26/2022,5.478426140368543
05/25/2022,5.3723678097414584
05/24/2022,5.303286384976526
05/23/2022,5.391472722014762
05/20/2022,5.200373948270489
05/19/2022,5.1597174470213165
05/18/2022,5.238969448131287
05/17/2022,5.252559258843627
05/16/2022,5.1235104650165955
05/13/2022,5.073962144106888
05/12/2022,4.893783555713185
05/11/2022,5.175580234435666
05/10/2022,4.98136370905244
05/09/2022,4.98319648418746
05/06/2022,5.275751205638679
05/05/2022,5.168478327925082
05/04/2022,5.1992699269927
05/03/2022,5.184216454333843
04/29/2022,4.915018075918859
04/28/2022,4.833104994395317
04/27/2022,4.737698760485789
04/26/2022,4.790249075278048
04/25/2022,4.688751318850344
04/22/2022,5.051458967736962
04/21/2022,5.26223045998016
04/20/2022,5.234894949758581
04/19/2022,5.214739880635054
04/14/2022,5.216863221408142
04/13/2022,5.186456606581128
04/12/2022,5.161715052992478
04/11/2022,5.041529213878711
04/08/2022,5.095997396680768
04/07/2022,4.928437108232345
04/06/2022,4.9793426247940795
04/05/2022,5.021968653682209
04/04/2022,4.95349538889399
04/01/2022,4.9669698796759905
03/31/2022,4.93401162026448
03/30/2022,5.038239281812319
03/29/2022,4.879378761201482
03/28/2022,4.986320019898153
03/25/2022,5.165774272676917
03/24/2022,5.1327363603993295
03/23/2022,5.120859681315925
03/22/2022,4.919966078337838
03/21/2022,4.949253652549196
03/18/2022,4.748853634111632
03/17/2022,4.843272976102747
03/16/2022,4.725931361629081
03/15/2022,4.709719504240052
03/14/2022,4.655931251550888
03/11/2022,4.7060052492067435
03/10/2022,4.768338755378318
03/09/2022,4.896030993042379
03/08/2022,4.974798717025593
03/07/2022,4.74210305383566
03/04/2022,4.6007162396099
03/03/2022,4.781309607971295
03/02/2022,4.997730731238487
03/01/2022,4.7619682624349915
02/28/2022,4.8765274778339665
02/25/2022,5.075767735014081
02/24/2022,4.880117544914179
02/23/2022,5.191864406779661
02/22/2022,5.253857133147557
02/21/2022,5.2853604768255185
02/18/2022,5.318368345245536
02/17/2022,5.4205378306950385
02/16/2022,5.483275161951842
02/15/2022,5.37787943588772
02/14/2022,5.418216241801338
02/11/2022,5.67364312621544
02/10/2022,5.599105669997682
02/09/2022,5.560374034422008
02/08/2022,5.407090199479619
02/07/2022,5.530518338070105
02/04/2022,5.499031335943534
02/03/2022,5.342555277202919
02/02/2022,5.283395044146967
02/01/2022,5.312854595558437
01/31/2022,5.1377033338701885
01/28/2022,5.174936899199828
01/27/2022,5.257658767899481
01/26/2022,5.3260355429420905
01/25/2022,5.1216156056497635
01/24/2022,4.899480582393627
01/21/2022,5.182980569754986
01/20/2022,5.311395307573669
01/19/2022,5.371478417315215
01/18/2022,5.374555232637097
01/17/2022,5.3771884303389506
01/14/2022,5.315119443190986
01/13/2022,5.2742210254437545
01/12/2022,5.223696643523273
01/11/2022,5.0330224007625795
01/10/2022,4.925583730174881
01/07/2022,4.919868097868125
01/06/2022,4.807640242581763
01/05/2022,4.813262246822135
01/04/2022,4.751461988304093
12/31/2021,4.475166549314847
12/30/2021,4.494412352210765
12/29/2021,4.528729125389188
12/24/2021,4.529123935920637
12/23/2021,4.529432262906771
12/22/2021,4.468923159089392
12/21/2021,4.395669917320331
12/20/2021,4.2752109174578825
12/17/2021,4.429271011665406
12/16/2021,4.513616086290698
12/15/2021,4.375016526958775
12/14/2021,4.4702315544199225
12/13/2021,4.431803148564625
12/10/2021,4.533725038707373
12/09/2021,4.53262088528267
12/08/2021,4.614203861269535
12/07/2021,4.639877292501355
12/06/2021,4.591471656110037
12/03/2021,4.506809467142668
12/02/2021,4.479995740942849
12/01/2021,4.433464734711272
11/30/2021,4.309169149288316
11/29/2021,4.359393915206662
11/26/2021,4.230257024903449
11/25/2021,4.593359447864204
11/24/2021,4.591802732422526
11/23/2021,4.540225272226236
11/22/2021,4.485459813284687
11/19/2021,4.396973083603754
11/18/2021,4.53277827176461
11/17/2021,4.606308757374134
11/16/2021,4.624149454442968
11/15/2021,4.588937107847747
11/12/2021,4.572647279751046
11/11/2021,4.6186888624228875
11/10/2021,4.690808550812597
11/09/2021,4.659389118848578
11/08/2021,4.681038573656023
11/05/2021,4.6593193131078765
11/04/2021,4.583749628709529
11/03/2021,4.5762040124637835
11/02/2021,4.6950497475194295
11/01/2021,4.881583985122792
10/29/2021,4.792795751902338
10/28/2021,4.860689236206992
10/27/2021,4.909794876019442
10/26/2021,4.951204719633898
10/25/2021,4.968246752352219
10/22/2021,4.886710899430113
10/21/2021,4.918055421320778
10/20/2021,5.019006151081622
10/19/2021,4.995721305139955
10/18/2021,4.957617819718001
10/15/2021,5.003577916001541
10/14/2021,4.89289524799606
10/13/2021,4.8420320301203175
10/12/2021,4.871216036119345
10/11/2021,4.910994193495625
10/08/2021,4.821684282304807
10/07/2021,4.699340347816606
10/06/2021,4.629679833003498
10/05/2021,4.784287507504229
10/04/2021,4.685820783849596
10/01/2021,4.5783377362324735
09/30/2021,4.594612840072909
09/29/2021,4.547776523095123
09/28/2021,4.559060557218513
09/27/2021,4.541778051956954
09/24/2021,4.377067556114499
09/23/2021,4.363978465088173
09/22/2021,4.326772029997131
09/21/2021,4.2133988265793425
09/20/2021,4.152992014002844
09/17/2021,4.190105491905869
09/16/2021,4.21476787436286
09/15/2021,4.280217574843255
09/14/2021,4.154721841372719
09/13/2021,4.18535747909398
09/10/2021,4.094138174566906
09/09/2021,4.078666925014533
09/08/2021,4.09971271082764
09/07/2021,4.112742057749293
09/06/2021,4.125314461062119
09/03/2021,4.112190996436841
09/02/2021,4.14719141521697
09/01/2021,4.056047197640118
08/31/2021,4.086167987670629
08/27/2021,4.158189915873976
08/26/2021,4.069799357725139
08/25/2021,4.092255781417166
08/24/2021,4.101195295667568
08/23/2021,4.046139708403627
08/20/2021,3.920006536748784
08/19/2021,3.9316554626441493
08/18/2021,4.162254342414698
08/17/2021,4.157274026830878
08/16/2021,4.126852236532336
08/13/2021,4.231979266281375
08/12/2021,4.245974658330106
08/11/2021,4.321424115127065
08/10/2021,4.276379544258936
08/09/2021,4.233834638575091
08/06/2021,4.263684144836289
08/05/2021,4.259839777081156
08/04/2021,4.212194511635666
08/03/2021,4.253397437678904
08/02/2021,4.027270073804328
07/30/2021,4.021637857907691
07/29/2021,4.1299397935379325
07/28/2021,4.050021513136893
07/27/2021,4.044750430292599
07/26/2021,4.03922435835418
07/23/2021,3.908378043747421
07/22/2021,3.906894843999339
07/21/2021,3.961053178969264
07/20/2021,3.813069102094704
07/19/2021,3.8088528985309003
07/16/2021,4.029367158417207
07/15/2021,4.103370848810778
07/14/2021,4.222785722203747
07/13/2021,4.23367564425499
07/12/2021,4.292974879535639
07/09/2021,4.299781484247504
07/08/2021,4.235433385180801
07/07/2021,4.237708304641234
07/06/2021,4.287961148974918
07/05/2021,4.491370474000609
07/02/2021,4.433714995171748
07/01/2021,4.469204495372411
06/30/2021,4.35052827843381
06/29/2021,4.373641887309518
06/28/2021,4.375564040263797
06/25/2021,4.527687749509674
06/24/2021,4.508299274334807
06/23/2021,4.52742710311697
06/22/2021,4.49161389101538
06/21/2021,4.409697576997481
06/18/2021,4.3519055109418545
06/17/2021,4.515432313801992
06/16/2021,4.639109832458961
06/15/2021,4.687632090624735
06/14/2021,4.662254646027065
06/11/2021,4.574435072079442
06/10/2021,4.5752327588646455
06/09/2021,4.5847921843234705
06/08/2021,4.572139936906733
06/07/2021,4.52573373032752
06/04/2021,4.5256849800243675
06/03/2021,4.572065399861752
06/02/2021,4.562858966177409
06/01/2021,4.459099538152041
05/28/2021,4.341998893758244
05/27/2021,4.346254182498725
05/26/2021,4.388975999773983
05/25/2021,4.380103410278869
05/24/2021,4.478414720452937
05/21/2021,4.422973394157481
05/20/2021,4.395557696121483
05/19/2021,4.3656468123062115
05/18/2021,4.495657603451212
05/17/2021,4.453104042243777
05/14/2021,4.419722120452048
05/13/2021,4.327267114734316
05/12/2021,4.44422518535224
05/11/2021,4.31145522229614
05/10/2021,4.463389461480822
05/07/2021,4.385866752458351
05/06/2021,4.365084872794903
05/05/2021,4.430318120487961
05/04/2021,4.3027385477650455
04/30/2021,4.185603182716083
04/29/2021,4.213816294353207
04/28/2021,4.23817278383231
04/27/2021,4.110981178304934
04/26/2021,4.118063656057323
04/23/2021,4.044249993077285
04/22/2021,4.082762438585565
04/21/2021,4.121311795286346
04/20/2021,4.067392546947539
04/19/2021,4.208516352852307
04/16/2021,4.187052547198497
04/15/2021,4.183725514522421
04/14/2021,4.253690164160574
04/13/2021,4.097122055086201
04/12/2021,4.102000137466492
04/09/2021,4.048249646635837
04/08/2021,4.099869496531356
04/07/2021,4.206894652030796
04/06/2021,4.152644480452033
04/01/2021,4.0079107140387515
03/31/2021,4.059210888852152
03/30/2021,4.13727804155117
03/29/2021,4.141742701987485
03/26/2021,4.174137312774115
03/25/2021,4.032512734612057
03/24/2021,4.140520946326326
03/23/2021,4.075319342437061
03/22/2021,4.259847213942074
03/19/2021,4.255761999250697
03/18/2021,4.350160368149491
03/17/2021,4.352771458691672
03/16/2021,4.322316344952091
03/15/2021,4.390423419294811
03/12/2021,4.496607907468165
03/11/2021,4.466069607254132
03/10/2021,4.375486165129459
03/09/2021,4.380053908355794
03/08/2021,4.402094327632415
03/05/2021,4.40057975015529
03/04/2021,4.379694778217627
03/03/2021,4.264812846192581
03/02/2021,4.138296684897868
03/01/2021,4.150277568555248
02/26/2021,4.062804623311517
02/25/2021,4.302222096653435
02/24/2021,4.210348326006088
02/23/2021,3.998025666337611
02/22/2021,3.9359727806990414
02/19/2021,3.8184902697549212
02/18/2021,3.758947383108457
02/17/2021,3.885135135135135
02/16/2021,3.8708779741199386
02/15/2021,3.8797540550315777
02/12/2021,3.624382207578253
02/11/2021,3.562052670848647
02/10/2021,3.586953512196473
02/09/2021,3.580834195105136
02/08/2021,3.5967815018742533
02/05/2021,3.459896498236078
02/04/2021,3.482638035133732
02/03/2021,3.5262798634812285
02/02/2021,3.4794236437070185
02/01/2021,3.652549673855074
01/29/2021,3.723871180117408
01/28/2021,3.794636730436692
01/27/2021,3.8693983828970806
01/26/2021,3.877794868977641
01/25/2021,3.8316085520028405
01/22/2021,3.9623440680976643
01/21/2021,4.027099006095217
01/20/2021,4.131256223825829
01/19/2021,4.101820459403891
01/18/2021,4.077130872710983
01/15/2021,4.111162461939974
01/14/2021,4.2343871948297345
01/13/2021,4.141850544478214
01/12/2021,4.153672254831197
01/11/2021,4.031953365358666
01/08/2021,4.053467227574976
01/07/2021,3.998915548325878
01/06/2021,3.934987168520103
01/05/2021,3.709047353305476
01/04/2021,3.458679314515581
12/31/2020,3.4787832450439624
12/30/2020,3.526756580378508
12/29/2020,3.5441208256781582
12/24/2020,3.562189324267584
12/23/2020,3.5900033772374202
12/22/2020,3.449172892209178
12/21/2020,3.441538523092517
12/18/2020,3.661449197139387
12/17/2020,3.66313069495444
12/16/2020,3.6772740149195338
12/15/2020,3.638037139555508
12/14/2020,3.593312907952577
12/11/2020,3.6394287980959934
12/10/2020,3.7831984800775906
12/09/2020,3.647798742138365
12/08/2020,3.640929064657878
12/07/2020,3.656224127340224
12/04/2020,3.7309210437687756
12/03/2020,3.5950357480102526
12/02/2020,3.564281139929555
12/01/2020,3.4248690747952195
11/30/2020,3.3036297906967436
11/27/2020,3.504118572228294
11/26/2020,3.513052289150201
11/25/2020,3.5812764362585
11/24/2020,3.6694797564362784
11/23/2020,3.368285357361189
11/20/2020,3.2486176095278605
11/19/2020,3.2246755480294755
11/18/2020,3.3491519115223056
11/17/2020,3.3360283105143873
11/16/2020,3.308483968861327
11/13/2020,3.1203076842022077
11/12/2020,3.124671502154946
11/11/2020,3.207564599994721
11/10/2020,3.1969630834755236
11/09/2020,3.02132467907869
11/06/2020,2.632854696350942
11/05/2020,2.6280632359297433
11/04/2020,2.7093500155747066
11/03/2020,2.743727130162049
11/02/2020,2.6462395543175488
10/30/2020,2.5470940325965845
10/29/2020,2.496741304768665
10/28/2020,2.511294594173547
10/27/2020,2.558926960636921
10/26/2020,2.6033192320208265
10/23/2020,2.681122548827743
10/22/2020,2.635918645132581
10/21/2020,2.6278024548584646
10/20/2020,2.668990721061635
10/19/2020,2.6978417266187056
10/16/2020,2.704622657349883
10/15/2020,2.6678296827550554
10/14/2020,2.770684039087948
10/13/2020,2.7658829025225784
10/12/2020,2.846740139362801
10/09/2020,2.8893687880522454
10/08/2020,2.8546500355457893
10/07/2020,2.7886516026510604
10/06/2020,2.8554212183648873
10/05/2020,2.8247561734799755
10/02/2020,2.7747938964887986
10/01/2020,2.8138863097080367
09/30/2020,2.912194491141859
09/29/2020,2.948627274480808
09/28/2020,3.0133024869866976
09/25/2020,2.9635181139169755
09/24/2020,2.9578719613083875
09/23/2020,3.0512539224940687
09/22/2020,3.0823313633584672
09/21/2020,3.019275783118661
09/18/2020,3.18370255214406
09/17/2020,3.266699486966886
09/16/2020,3.325492846096867
09/15/2020,3.3302902110041015
09/14/2020,3.3118213084978945
09/11/2020,3.3496523161877487
09/10/2020,3.3756822160436615
09/09/2020,3.4132913369429403
09/08/2020,3.36926345424449
09/07/2020,3.5100767438493037
09/04/2020,3.3994296879125523
09/03/2020,3.443544431334597
09/02/2020,3.4297108673978065
09/01/2020,3.487263498543057
08/28/2020,3.5259105043306502
08/27/2020,3.5256325690615022
08/26/2020,3.5697334071671545
08/25/2020,3.604561141072576
08/24/2020,3.6850220839975956
08/21/2020,3.5783479513025265
08/20/2020,3.6413994552703253
08/19/2020,3.7413620298570454
08/18/2020,3.7477680047615896
08/17/2020,3.779256329321161
08/14/2020,3.8350653265014607
08/13/2020,3.940809357459669
08/12/2020,4.0612117100662735
08/11/2020,4.02294340017528
08/10/2020,3.8641150077831705
08/07/2020,3.7505385890924288
08/06/2020,3.8760962033293076
08/05/2020,4.031208508065046
08/04/2020,3.9082396270030952
08/03/2020,3.6658058120728336
07/31/2020,3.6151147665909003
07/30/2020,3.689933585102227
07/29/2020,3.8123167155425217
07/28/2020,3.7985077521885873
07/27/2020,3.793178977748573
07/24/2020,3.812605514912774
07/23/2020,3.820373626933762
07/22/2020,3.8683845341006022
07/21/2020,4.024635687353511
07/20/2020,3.8347709508511874
07/17/2020,3.878321274968339
07/16/2020,3.9389087791841058
07/15/2020,3.9101885460778383
07/14/2020,3.8164590278996315
07/13/2020,3.7414708590311148
07/10/2020,3.676870361238605
07/09/2020,3.658290443031587
07/08/2020,3.8167890923727112
07/07/2020,3.880373502466526
07/06/2020,3.9089352447849617
07/03/2020,3.834309936416905
07/02/2020,3.9074194192196385
07/01/2020,3.8558376646848402
06/30/2020,3.803674904660492
06/29/2020,3.8631874670297988
06/26/2020,3.7546995377503847
06/25/2020,3.8303523775242967
06/24/2020,3.821335322640806
06/23/2020,4.02471547158472
06/22/2020,3.9252650440495747
06/19/2020,3.975291236922164
06/18/2020,3.9146814542199233
06/17/2020,3.9668127739511583
06/16/2020,4.0486619842408675
06/15/2020,3.966560389626691
06/12/2020,4.047991980452353
06/11/2020,4.058634558470138
06/10/2020,4.392990600568813
06/09/2020,4.496879378423131
06/08/2020,4.640025372660959
06/05/2020,4.60731319554849