Pricing Date,CXO | Share Price (Daily)($)
03/07/2025,0.0516795865633075
03/06/2025,0.05281578110085906
03/05/2025,0.052966769657607674
03/04/2025,0.05270337301587302
03/03/2025,0.053703009866366926
02/28/2025,0.05401378282734214
02/27/2025,0.05689633612604727
02/26/2025,0.05309734513274337
02/25/2025,0.053821313240043064
02/24/2025,0.0546899841017488
02/21/2025,0.055467006694293906
02/20/2025,0.056255194016492996
02/19/2025,0.055178537451639496
02/18/2025,0.054627453471384105
02/17/2025,0.05603311047437122
02/14/2025,0.05660857397277699
02/13/2025,0.0560771217944679
02/12/2025,0.05449079293498684
02/11/2025,0.05540863871048985
02/10/2025,0.05588697017268446
02/07/2025,0.05574345484153827
02/06/2025,0.05656108597285067
02/05/2025,0.05788712011577424
02/04/2025,0.05568416442470125
02/03/2025,0.054448706843212465
01/31/2025,0.055503585905831
01/30/2025,0.055482825260270555
01/29/2025,0.0554240876821522
01/28/2025,0.05559720139930034
01/24/2025,0.058168942842690946
01/23/2025,0.05839141081182896
01/22/2025,0.06267234895963901
01/21/2025,0.06579771901240757
01/20/2025,0.05635919594213789
01/17/2025,0.057792692020879936
01/16/2025,0.055355143674586396
01/15/2025,0.05536547433903577
01/14/2025,0.05385329619312906
01/13/2025,0.053531873000246116
01/10/2025,0.05345293683951831
01/09/2025,0.054475671660269905
01/08/2025,0.055260625252243026
01/07/2025,0.056183282352206744
01/06/2025,0.056853679870048725
01/03/2025,0.05771378925158248
01/02/2025,0.05830180487502326
12/31/2024,0.05507766569713473
12/30/2024,0.05344602572866819
12/27/2024,0.05346263831903519
12/24/2024,0.05108397707450785
12/23/2024,0.05173918464031916
12/20/2024,0.051278844349946846
12/19/2024,0.050078247261345854
12/18/2024,0.051699136246138325
12/17/2024,0.05256824371397809
12/16/2024,0.05284268160692685
12/13/2024,0.054651753940010164
12/12/2024,0.055530733388651304
12/11/2024,0.056025975679633286
12/10/2024,0.05670595731124562
12/09/2024,0.056876938986556366
12/06/2024,0.057504312823461766
12/05/2024,0.05730843528654218
12/04/2024,0.05857363542739443
12/03/2024,0.060217560217560216
12/02/2024,0.05876654827252179
11/29/2024,0.0592640833604689
11/28/2024,0.05849093390524468
11/27/2024,0.05969374513366209
11/26/2024,0.059408497998191916
11/25/2024,0.06168831168831169
11/22/2024,0.062905317769131
11/21/2024,0.06251220941590153
11/20/2024,0.06423566052426681
11/19/2024,0.06848868306046572
11/18/2024,0.06357031655422937
11/15/2024,0.06333204084270389
11/14/2024,0.06809780141384006
11/13/2024,0.06815968841285296
11/12/2024,0.06861848124428178
11/11/2024,0.06572029442691904
11/08/2024,0.06912442396313365
11/07/2024,0.07001867164577219
11/06/2024,0.07225908165276226
11/05/2024,0.07298301486199575
11/04/2024,0.06925664534001715
11/01/2024,0.07234938174164694
10/31/2024,0.07215953817895565
10/30/2024,0.0756379900026309
10/29/2024,0.07867304792499835
10/28/2024,0.07575258546867795
10/25/2024,0.07292978850361334
10/24/2024,0.07295397267542114
10/23/2024,0.07292011932383162
10/22/2024,0.07685624540533316
10/21/2024,0.07989347536617843
10/18/2024,0.07041781235329622
10/17/2024,0.07375620222609629
10/16/2024,0.07329912707403212
10/15/2024,0.07717084955039592
10/14/2024,0.07729533539454228
10/11/2024,0.08106464905762345
10/10/2024,0.08072110856989102
10/09/2024,0.07732132051368251
10/08/2024,0.08069396812588259
10/07/2024,0.08455658526686059
10/04/2024,0.07807196198234895
10/03/2024,0.08214114586898487
10/02/2024,0.0860762980305743
10/01/2024,0.07912481078849594
09/30/2024,0.09013381404700826
09/27/2024,0.06922331441229405
09/26/2024,0.0689084895259096
09/25/2024,0.06848376934666485
09/24/2024,0.06872852233676977
09/23/2024,0.06509524462107714
09/20/2024,0.06785181164337088
09/19/2024,0.06808742425274053
09/18/2024,0.06766357669666419
09/17/2024,0.06418485237483953
09/16/2024,0.06604663701307453
09/13/2024,0.06712760958582265
09/12/2024,0.06695681285570808
09/11/2024,0.06645401382243488
09/10/2024,0.058545672277293584
09/09/2024,0.05585106382978724
09/06/2024,0.05547386713006283
09/05/2024,0.05711597903507593
09/04/2024,0.05917159763313609
09/03/2024,0.06048387096774193
09/02/2024,0.06243637597556837
08/30/2024,0.06362959453056251
08/29/2024,0.06315789473684211
08/28/2024,0.06512448273522828
08/27/2024,0.06779201410073893
08/26/2024,0.06775067750677508
08/23/2024,0.06789327177676692
08/22/2024,0.06709608158883522
08/21/2024,0.06750371270419873
08/20/2024,0.06402048655569782
08/19/2024,0.06250840166689071
08/16/2024,0.06172429813499701
08/15/2024,0.0609796513554716
08/14/2024,0.0614957349732196
08/13/2024,0.06079429062314148
08/12/2024,0.06068201305982455
08/09/2024,0.06312467122567071
08/08/2024,0.06111184124063609
08/07/2024,0.06163530260310799
08/06/2024,0.05856705928287889
08/05/2024,0.05895309665716506
08/02/2024,0.06188521920396065
08/01/2024,0.06845296303539995
07/31/2024,0.06200639644931793
07/30/2024,0.059469350411710885
07/29/2024,0.061445940645836056
07/26/2024,0.06354405502784147
07/25/2024,0.0595939751146038
07/24/2024,0.06205849343104246
07/23/2024,0.0648491265219693
07/22/2024,0.06637902422834384
07/19/2024,0.07023881196066627
07/18/2024,0.06725401842760105
07/17/2024,0.0740292078874756
07/16/2024,0.07394957983193277
07/15/2024,0.08133387555917039
07/12/2024,0.07472318456626588
07/11/2024,0.06769564040075819
07/10/2024,0.06545209176788125
07/09/2024,0.06254623713766898
07/08/2024,0.06743997841920692
07/05/2024,0.061374519457746
07/04/2024,0.061221743810548984
07/03/2024,0.05708529214237743
07/02/2024,0.05725317888289728
07/01/2024,0.060497274298630506
06/28/2024,0.06204963971176942
06/27/2024,0.06510762689343609
06/26/2024,0.05983246908655764
06/25/2024,0.05708975039830058
06/24/2024,0.052614052614052616
06/21/2024,0.05504708847327232
06/20/2024,0.06057781919850886
06/19/2024,0.05870188779934627
06/18/2024,0.05980861244019139
06/17/2024,0.057410584664115076
06/14/2024,0.06083046813012431
06/13/2024,0.062412854392138645
06/12/2024,0.06365159128978225
06/11/2024,0.06595870984763538
06/07/2024,0.06912442396313365
06/06/2024,0.06994404476418864
06/05/2024,0.08299030673217368
06/04/2024,0.0864131879819197
06/03/2024,0.08686936184430338
05/31/2024,0.08631564969125557
05/30/2024,0.08971291866028709
05/29/2024,0.09269067796610171
05/28/2024,0.09324630345011323
05/27/2024,0.09319664492078288
05/24/2024,0.0961474703269014
05/23/2024,0.09604557196794064
05/22/2024,0.09958836807860842
05/21/2024,0.10004668845461215
05/20/2024,0.10351275544276746
05/17/2024,0.11029411764705883
05/16/2024,0.10349893162393162
05/15/2024,0.10024727661565194
05/14/2024,0.10594623228711429
05/13/2024,0.09579176851423662
05/10/2024,0.09904258831297458
05/09/2024,0.09581075723536407
05/08/2024,0.09202655623479918
05/07/2024,0.09257422469086822
05/06/2024,0.0926845415425356
05/03/2024,0.09258034651501125
05/02/2024,0.09158108196506837
05/01/2024,0.09418030657313586
04/30/2024,0.09416195856873821
04/29/2024,0.09183338799606429
04/26/2024,0.09456110603886786
04/24/2024,0.0908383078120945
04/23/2024,0.09396669042835849
04/22/2024,0.09654373431164316
04/19/2024,0.09315174097391751
04/18/2024,0.09337368793869533
04/17/2024,0.09307998459365771
04/16/2024,0.08972633467922836
04/15/2024,0.10016155088852989
04/12/2024,0.10357327809425168
04/11/2024,0.10418023180101577
04/10/2024,0.10102985269195672
04/09/2024,0.10260823513835562
04/08/2024,0.10232373910747293
04/05/2024,0.10192004208311416
04/04/2024,0.10586211459573905
04/03/2024,0.1016126917529828
04/02/2024,0.10093117145275769
03/28/2024,0.10112872708292556
03/27/2024,0.09785374127470807
03/26/2024,0.10132043404366584
03/25/2024,0.10136018833376931
03/22/2024,0.10102326793977709
03/21/2024,0.10843848580441641
03/20/2024,0.10776565867676835
03/19/2024,0.10121457489878542
03/18/2024,0.10488364470665355
03/15/2024,0.11821883620123472
03/14/2024,0.12518118329160627
03/13/2024,0.13246787653993905
03/12/2024,0.14512830661653142
03/11/2024,0.13551927017914986
03/08/2024,0.13910969793322733
03/07/2024,0.14571466419393297
03/06/2024,0.1511666118961551
03/05/2024,0.1562601731883586
03/04/2024,0.1597339940018255
03/01/2024,0.1565966331723868
02/29/2024,0.13656760096247642
02/28/2024,0.13956507627393702
02/27/2024,0.14735739079180038
02/26/2024,0.14704921246977323
02/23/2024,0.13773201285498787
02/22/2024,0.14392254350385975
02/21/2024,0.14727058515512503
02/20/2024,0.14761842277916284
02/19/2024,0.15356466052408024
02/16/2024,0.15021879694337406
02/15/2024,0.13665647166005077
02/14/2024,0.1329787234042553
02/13/2024,0.11949360547732851
02/12/2024,0.12092293613961697
02/09/2024,0.12390765618886135
02/08/2024,0.11991962144292474
02/07/2024,0.12070202909897566
02/06/2024,0.1172562048075044
02/05/2024,0.11973335059219468
02/02/2024,0.12702755520812978
02/01/2024,0.1278185631882538
01/31/2024,0.12875536480686697
01/30/2024,0.12843311598498322
01/29/2024,0.1252554552046938
01/25/2024,0.12181470994929874
01/24/2024,0.12872986532875627
01/23/2024,0.12808723068838676
01/22/2024,0.13501942962523875
01/19/2024,0.13823974721874796
01/18/2024,0.1378224059854302
01/17/2024,0.13392565492911737
01/16/2024,0.13865962363816442
01/15/2024,0.13979496738117428
01/12/2024,0.14083562470659244
01/11/2024,0.12976642044320225
01/10/2024,0.12709880259549136
01/09/2024,0.13039989300521598
01/08/2024,0.12760241773002015
01/05/2024,0.15463224418448301
01/04/2024,0.1745317849231389
01/03/2024,0.1781752168358771
01/02/2024,0.18282773564463708
12/29/2023,0.17041581458759372
12/28/2023,0.17460969597370585
12/27/2023,0.16436104643199562
12/22/2023,0.17696705690171521
12/21/2023,0.2242152466367713
12/20/2023,0.2335657707670435
12/19/2023,0.21316911416390336
12/18/2023,0.2177700348432056
12/15/2023,0.20513855259617972
12/14/2023,0.17781654700395896
12/13/2023,0.16120542176602184
12/12/2023,0.15745965096444034
12/11/2023,0.16404199475065617
12/08/2023,0.17428477474514964
12/07/2023,0.16811708860759494
12/06/2023,0.17749145411517223
12/05/2023,0.1508097829650515
12/04/2023,0.16877357866172482
12/01/2023,0.1797842588893328
11/30/2023,0.1854181842262102
11/29/2023,0.19167217448777263
11/28/2023,0.20952507649328186
11/27/2023,0.2176350326452549
11/24/2023,0.22718293164757014
11/23/2023,0.22636309953415126
11/22/2023,0.23196549921589124
11/21/2023,0.2428299534029008
11/20/2023,0.23898382766974396
11/17/2023,0.24680132493342857
11/16/2023,0.2358947844632586
11/15/2023,0.24805796723023696
11/14/2023,0.24338006230529596
11/13/2023,0.23294402961261088
11/10/2023,0.2318785337653262
11/09/2023,0.2504334424966288
11/08/2023,0.24707996406109614
11/07/2023,0.23436496725311418
11/06/2023,0.24368055104295278
11/03/2023,0.2506020959448025
11/02/2023,0.22779774127310062
11/01/2023,0.21947961066225585
10/31/2023,0.22780484718091498
10/30/2023,0.22288734636693622
10/27/2023,0.22556868725378065
10/26/2023,0.22065313327449249
10/25/2023,0.22170139988598214
10/24/2023,0.22216579916211757
10/23/2023,0.20901950848745884
10/20/2023,0.21800947867298576
10/19/2023,0.21811974457861794
10/18/2023,0.22502535496957404
10/17/2023,0.22912423625254583
10/16/2023,0.23127613737168926
10/13/2023,0.23602719033232628
10/12/2023,0.25329280648429586
10/11/2023,0.2371946919674338
10/10/2023,0.23433487416538262
10/09/2023,0.21689206430211788
10/06/2023,0.22310045894951552
10/05/2023,0.23484608060933038
10/04/2023,0.2499525406568373
10/03/2023,0.26435045317220546
10/02/2023,0.2744097000638162
09/29/2023,0.26134090469123056
09/28/2023,0.2180465593535561
09/27/2023,0.2137297435243078
09/26/2023,0.21779514444942671
09/25/2023,0.22136669874879691
09/22/2023,0.2290470352925995
09/21/2023,0.22477682872005653
09/20/2023,0.2275830678197542
09/19/2023,0.23894091055860509
09/18/2023,0.2508361204013378
09/15/2023,0.2576987501610617
09/14/2023,0.24484536082474226
09/13/2023,0.25078773069256
09/12/2023,0.24402774210120734
09/11/2023,0.24453024453024455
09/08/2023,0.2458806999616809
09/07/2023,0.25167250716788786
09/06/2023,0.2584226646248086
09/05/2023,0.25516713447307987
09/04/2023,0.2648578811369509
09/01/2023,0.2580312217778351
08/31/2023,0.2557461961799935
08/30/2023,0.25977399662293804
08/29/2023,0.26489210492311666
08/28/2023,0.25038520801232667
08/25/2023,0.26255122950819665
08/24/2023,0.260316236020054
08/23/2023,0.26516621394386236
08/22/2023,0.26341150016061676
08/21/2023,0.25883555953217874
08/18/2023,0.26599153954621196
08/17/2023,0.26303971258099695
08/16/2023,0.3514541819823306
08/15/2023,0.3533912592400467
08/14/2023,0.3635419371591795
08/11/2023,0.37378924787102646
08/10/2023,0.38035281002032917
08/09/2023,0.378219758721878
08/08/2023,0.3812565172054223
08/07/2023,0.3970076776691384
08/04/2023,0.42216358839050133
08/03/2023,0.43589407446250655
08/02/2023,0.435494433529797
08/01/2023,0.4359889021006738
07/31/2023,0.43097643097643096
07/28/2023,0.4398826979472141
07/27/2023,0.4514216412882361
07/26/2023,0.47310083806434167
07/25/2023,0.47489823609226595
07/24/2023,0.4854368932038835
07/21/2023,0.5857008213275885
07/20/2023,0.6207177260701445
07/19/2023,0.6224206751911238
07/18/2023,0.6309255848850692
07/17/2023,0.6442596127624761
07/14/2023,0.6749349047553789
07/13/2023,0.6639146886824905
07/12/2023,0.6482927160410019
07/11/2023,0.6389351081530783
07/10/2023,0.612618611619777
07/07/2023,0.6213254943880279
07/06/2023,0.6313632156551633
07/05/2023,0.6468391571085622
07/04/2023,0.6363879957127546
07/03/2023,0.6313046963725032
06/30/2023,0.599001663893511
06/29/2023,0.5936194203090801
06/28/2023,0.6055592322964924
06/27/2023,0.6116310160427808
06/26/2023,0.6145214080555741
06/23/2023,0.6141932038186796
06/22/2023,0.6344064250523047
06/21/2023,0.660524354718515
06/20/2023,0.6698694092969755
06/19/2023,0.6884504726674887
06/16/2023,0.7173748884464884
06/15/2023,0.690436933223413
06/14/2023,0.7070638065309468
06/13/2023,0.6951508986096981
06/09/2023,0.707976535634819
06/08/2023,0.7118393660600363
06/07/2023,0.7202400800266756
06/06/2023,0.7166666666666666
06/05/2023,0.7317396198927224
06/02/2023,0.7152317880794703
06/01/2023,0.6830870279146141
05/31/2023,0.6792599301332642
05/30/2023,0.6577233654597551
05/29/2023,0.6866784382970376
05/26/2023,0.6632852126414358
05/25/2023,0.6506604203266315
05/24/2023,0.6773116942608468
05/23/2023,0.7017079306235934
05/22/2023,0.7174649571513985
05/19/2023,0.7498000533191149
05/18/2023,0.7307234492791959
05/17/2023,0.731528895391368
05/16/2023,0.7758907758907759
05/15/2023,0.7832373811755254
05/12/2023,0.7743436357593885
05/11/2023,0.7430216212597899
05/10/2023,0.6897484446848796
05/09/2023,0.6750371270419873
05/08/2023,0.6993956678210091
05/05/2023,0.6509713977334053
05/04/2023,0.6267084472298153
05/03/2023,0.6306306306306306
05/02/2023,0.6327427734114826
05/01/2023,0.6337934696044598
04/28/2023,0.6476341527887919
04/27/2023,0.6225165562913907
04/26/2023,0.6574600237874983
04/24/2023,0.651476680475745
04/21/2023,0.6422263848006422
04/20/2023,0.6619832477708728
04/19/2023,0.6823070717934928
04/18/2023,0.6627640963531154
04/17/2023,0.6191432396251674
04/14/2023,0.6134352373290427
04/13/2023,0.6095496105655266
04/12/2023,0.6050274100815618
04/11/2023,0.5920702501330495
04/06/2023,0.5798453745667822
04/05/2023,0.584520290244558
04/04/2023,0.5426356589147286
04/03/2023,0.5724544407560463
03/31/2023,0.5766780661168108
03/30/2023,0.5830708397560486
03/29/2023,0.5749431742211526
03/28/2023,0.6033789219629928
03/27/2023,0.5180314803745766
03/24/2023,0.5212137308279663
03/23/2023,0.5109587199139438
03/22/2023,0.5277926242650989
03/21/2023,0.545757071547421
03/20/2023,0.5437701396348013
03/17/2023,0.5624748895138609
03/16/2023,0.5484278401914512
03/15/2023,0.5676567656765676
03/14/2023,0.5731804852039456
03/13/2023,0.6170780520346898
03/10/2023,0.6257449344457687
03/09/2023,0.6610696106299994
03/08/2023,0.6408138997159278
03/07/2023,0.6630599722900309
03/06/2023,0.6863140896245459
03/03/2023,0.6480356419603077
03/02/2023,0.6352514116698037
03/01/2023,0.6456192536506219
02/28/2023,0.627996488621784
02/27/2023,0.6253782529755901
02/24/2023,0.6498316498316498
02/23/2023,0.6322229775662814
02/22/2023,0.6476683937823834
02/21/2023,0.6564927476455626
02/20/2023,0.6360619469026549
02/17/2023,0.6577144423129625
02/16/2023,0.6849786589563542
02/15/2023,0.6676762114537445
02/14/2023,0.7034405906115059
02/13/2023,0.713490185159404
02/10/2023,0.7229832572298325
02/09/2023,0.7240827125252386
02/08/2023,0.7449241216824891
02/07/2023,0.7301543359402034
02/06/2023,0.7318581638262781
02/03/2023,0.786908077994429
02/02/2023,0.8119415685718339
02/01/2023,0.7995471591311115
01/31/2023,0.8177075990413082
01/30/2023,0.8701804032543332
01/27/2023,0.8031843059208187
01/25/2023,0.7926397735314934
01/24/2023,0.7830687830687831
01/23/2023,0.7835558678847505
01/20/2023,0.7338619922092376
01/19/2023,0.7236388697450035
01/18/2023,0.7342657342657344
01/17/2023,0.7126388597778244
01/16/2023,0.741385311521058
01/13/2023,0.7894004729447768
01/12/2023,0.8256435162700339
01/11/2023,0.8111839834311357
01/10/2023,0.7847456460384111
01/09/2023,0.8336807002917882
01/06/2023,0.8246646591842322
01/05/2023,0.7489373186694556
01/04/2023,0.704996577686516
01/03/2023,0.6802721088435375
12/30/2022,0.6966628151974444
12/29/2022,0.6592292089249493
12/28/2022,0.6476858723519093
12/23/2022,0.6569685593618019
12/22/2022,0.6670669068107531
12/21/2022,0.6903947985789932
12/20/2022,0.6686626746506986
12/19/2022,0.7243460764587526
12/16/2022,0.7091724091790995
12/15/2022,0.7077212048031126
12/14/2022,0.8004672255050158
12/13/2022,0.78125
12/12/2022,0.7813552472046343
12/09/2022,0.7995372890582472
12/08/2022,0.7975667455221358
12/07/2022,0.8787817803716376
12/06/2022,0.8730105432811766
12/05/2022,0.8818579602827331
12/02/2022,0.9291915355398807
12/01/2022,0.9120609855703785
11/30/2022,0.9090299208372468
11/29/2022,0.8762541806020068
11/28/2022,0.8618961715774706
11/25/2022,0.9005059021922429
11/24/2022,0.956986338428243
11/23/2022,0.9742004837409299
11/22/2022,0.9413948554760011
11/21/2022,0.9259869505041851
11/18/2022,0.9361417586091606
11/17/2022,0.9415757253127496
11/16/2022,1.0019566830848121
11/15/2022,1.0640460860725178
11/14/2022,1.2505867364044794
11/11/2022,1.1172063152261171
11/10/2022,1.0523546435148645
11/09/2022,1.0102640242721581
11/08/2022,0.9846254497873731
11/07/2022,0.9377223048567549
11/04/2022,0.9090322996583071
11/03/2022,0.849323686693929
11/02/2022,0.8936579115951314
11/01/2022,0.9199514470069636
10/31/2022,0.886286555320919
10/28/2022,0.8577097868527173
10/27/2022,0.8965114012862989
10/26/2022,0.9469573706475757
10/25/2022,0.9419454056132257
10/24/2022,0.8826681798121176
10/21/2022,0.8705286483064261
10/20/2022,0.8426254434870755
10/19/2022,0.8663444032895975
10/18/2022,0.7998243522991028
10/17/2022,0.764102886610905
10/14/2022,0.7194020554344441
10/13/2022,0.7104406609914873
10/12/2022,0.7307282192811891
10/11/2022,0.7185175847724693
10/10/2022,0.7160804020100501
10/07/2022,0.7355763080465653
10/06/2022,0.7462686567164178
10/05/2022,0.7390911438161631
10/04/2022,0.7699805068226122
10/03/2022,0.6905537459283388
09/30/2022,0.7118927973199329
09/29/2022,0.7159981857059547
09/28/2022,0.7130818099312849
09/27/2022,0.7667031763417305
09/26/2022,0.8174386920980926
09/23/2022,0.9032004712350283
09/21/2022,0.9354505809114818
09/20/2022,0.963855421686747
09/19/2022,0.9612164244088687
09/16/2022,0.9645010046885464
09/15/2022,1.0111529158828272
09/14/2022,1.0761030900013493
09/13/2022,1.1265985519994588
09/12/2022,1.0947397411181494
09/09/2022,1.0911951836902236
09/08/2022,1.0798407234932847
09/07/2022,1.0261758966422179
09/06/2022,1.0084997301672962
09/05/2022,0.924415443175639
09/02/2022,0.8791133611548196
09/01/2022,0.9181460902561323
08/31/2022,0.9611423863792393
08/30/2022,0.9498898678414096
08/29/2022,0.9314841647691989
08/26/2022,0.9624705719429443
08/25/2022,0.9714484679665739
08/24/2022,0.9671848013816925
08/23/2022,0.941233676021117
08/22/2022,0.9443681318681318
08/19/2022,0.9613403831628099
08/18/2022,0.9694232105628909
08/17/2022,0.9892086330935251
08/16/2022,1.044954064099867
08/15/2022,1.1365235749472202
08/12/2022,1.044108246324313
08/11/2022,1.0781383432963279
08/10/2022,1.0251135073779796
08/09/2022,0.9757457485363813
08/08/2022,0.9519809603807924
08/05/2022,0.8858403419274784
08/04/2022,0.8423250957187608
08/03/2022,0.8096325513805273
08/02/2022,0.7824998261111498
08/01/2022,0.8337437557165975
07/29/2022,0.8058326937835764
07/28/2022,0.7848472164085392
07/27/2022,0.7376878852947287
07/26/2022,0.7253921976954046
07/25/2022,0.726552179656539
07/22/2022,0.7334538375973304
07/21/2022,0.7341789604301668
07/20/2022,0.6893699158968704
07/19/2022,0.6416448185456051
07/18/2022,0.6492175220392263
07/15/2022,0.6088849581604191
07/14/2022,0.6046355391333558
07/13/2022,0.5937436384610164
07/12/2022,0.5794253185145026
07/11/2022,0.6206989610039132
07/08/2022,0.6522933260093381
07/07/2022,0.6489071038251366
07/06/2022,0.6299959355100935
07/05/2022,0.6431521224020038
07/04/2022,0.640542577241899
07/01/2022,0.6346728210697801
06/30/2022,0.6579853934132561
06/29/2022,0.6771621064210093
06/28/2022,0.7192751919219863
06/27/2022,0.7119538792804057
06/24/2022,0.6359466221851543
06/23/2022,0.5802707930367504
06/22/2022,0.5899500277623542
06/21/2022,0.70245334451667
06/20/2022,0.7498081886029155
06/17/2022,0.8028237248252473
06/16/2022,0.8452081587035485
06/15/2022,0.7992216276322189
06/14/2022,0.8371227780074411
06/10/2022,0.87744027063218
06/09/2022,0.8646456020495304
06/08/2022,0.9093533487297921
06/07/2022,0.8941447937698299
06/06/2022,0.8593412915288365
06/03/2022,0.8766866296269573
06/02/2022,0.826506198796491
06/01/2022,0.795870079587008
05/31/2022,0.9999283205504983
05/30/2022,0.9897070467141726
05/27/2022,0.9335431719007082
05/26/2022,0.9057458250778376
05/25/2022,0.8914673836139805
05/24/2022,0.9013148593241904
05/23/2022,0.9454080181973273
05/20/2022,0.9486332654065069
05/19/2022,0.87527352297593
05/18/2022,0.9120771596309756
05/17/2022,0.908516907534727
05/16/2022,0.8202394960891535
05/13/2022,0.7922230678751816
05/12/2022,0.7726648351648352
05/11/2022,0.8013156973896003
05/10/2022,0.79002079002079
05/09/2022,0.7990230286113049
05/06/2022,0.8819345661450926
05/05/2022,0.927637190787603
05/04/2022,0.8572653236176596
05/03/2022,0.8985651370933371
05/02/2022,0.9329671877200395
04/29/2022,0.9935419771485345
04/28/2022,0.9718379797119955
04/27/2022,0.9677648900590622
04/26/2022,0.9626395648439736
04/22/2022,1.0130718954248366
04/21/2022,1.0229706773026073
04/20/2022,1.095543300044716
04/19/2022,1.1049723756906078
04/14/2022,1.0187449062754688
04/13/2022,1.0128366847221193
04/12/2022,0.9098397483899956
04/11/2022,0.9576126493949967
04/08/2022,0.9616101379053299
04/07/2022,0.967067433350758
04/06/2022,1.0401748699781412
04/05/2022,1.1192325262677023
04/04/2022,1.2085504947503587
04/01/2022,1.1504159484373828
03/31/2022,1.0315852652111936
03/30/2022,0.949984980474617
03/29/2022,0.9644612902015236
03/28/2022,0.9096353971700232
03/25/2022,0.9157784116499024
03/24/2022,0.9309309309309308
03/23/2022,0.9252322445310159
03/22/2022,0.9107129581443759
03/21/2022,0.9157984501872383
03/18/2022,0.8328397986378443
03/17/2022,0.7794606575544883
03/16/2022,0.7361473745285755
03/15/2022,0.7192174913693901
03/14/2022,0.7563694267515924
03/11/2022,0.7930127174389708
03/10/2022,0.7132877417457165
03/09/2022,0.6811689738519007
03/08/2022,0.6378660481298928
03/07/2022,0.66705761618531
03/04/2022,0.698016164584864
03/03/2022,0.7316359379572724
03/02/2022,0.6909090909090909
03/01/2022,0.5986937590711175
02/28/2022,0.5589430894308943
02/25/2022,0.5454020082352091
02/24/2022,0.5134422020965556
02/23/2022,0.5866589411168248
02/22/2022,0.5455202312138728
02/21/2022,0.5659289164443804
02/18/2022,0.602928509905254
02/17/2022,0.5721070811744386
02/16/2022,0.5849422234981698
02/15/2022,0.5355995143897736
02/14/2022,0.5662393162393163
02/11/2022,0.6206500681638804
02/10/2022,0.6264030704612934
02/09/2022,0.5890804597701149
02/08/2022,0.5595950955232392
02/07/2022,0.5551206319834887
02/04/2022,0.5545351794292174
02/03/2022,0.5365190643107519
02/02/2022,0.5700441784238278
02/01/2022,0.5585995872767381
01/31/2022,0.531839954916878
01/28/2022,0.5140579101972303
01/27/2022,0.500317102388838
01/25/2022,0.5213540922725325
01/24/2022,0.5685048322910745
01/21/2022,0.6088334894444845
01/20/2022,0.6647776809067132
01/19/2022,0.6354249404289117
01/18/2022,0.6608245941675047
01/17/2022,0.634600129804572
01/14/2022,0.6502420345350769
01/13/2022,0.5878057685286602
01/12/2022,0.5746290369508292
01/11/2022,0.49992806790389865
01/10/2022,0.4590116904539912
01/07/2022,0.44818931516672644
01/06/2022,0.43001505052676847
01/05/2022,0.46098003629764067
01/04/2022,0.45569620253164556
12/31/2021,0.4289973096778884
12/30/2021,0.4173319785164755
12/29/2021,0.4205336426914153
12/24/2021,0.38991984980865046
12/23/2021,0.37969190713820783
12/22/2021,0.37149246194907304
12/21/2021,0.3673323823109843
12/20/2021,0.35223795630826155
12/17/2021,0.3649896228440564
12/16/2021,0.3741007194244605
12/15/2021,0.3704495262520482
12/14/2021,0.38806607804044435
12/13/2021,0.37379850480598076
12/10/2021,0.35855145213338113
12/09/2021,0.37156127188281535
12/08/2021,0.37995555236934553
12/07/2021,0.3770900035574529
12/06/2021,0.3348135617114259
12/03/2021,0.3686021203398161
12/02/2021,0.38712885353033105
12/01/2021,0.3964002571244912
11/30/2021,0.40797502483326237
11/29/2021,0.37369207772795215
11/26/2021,0.38436899423446513
11/25/2021,0.402588066139468
11/24/2021,0.3923403642646318
11/23/2021,0.41874232907371306
11/22/2021,0.4129537057161486
11/19/2021,0.41361294535955295
11/18/2021,0.3922423185879277
11/17/2021,0.403343023255814
11/16/2021,0.4095363463507387
11/15/2021,0.41605301914580256
11/12/2021,0.42841450018308314
11/11/2021,0.4307198131114031
11/10/2021,0.44189129474149363
11/09/2021,0.47496318114874814
11/08/2021,0.46389074445186673
11/05/2021,0.4738634680882571
11/04/2021,0.4476838833801984
11/03/2021,0.4271282127469915
11/02/2021,0.4271599435405987
11/01/2021,0.4255479400466972
10/29/2021,0.42776735459662285
10/28/2021,0.43041606886657097
10/27/2021,0.42821726391706105
10/26/2021,0.43158447797042704
10/25/2021,0.42728635682158916
10/22/2021,0.46697549312612074
10/21/2021,0.430614843106418
10/20/2021,0.45454545454545453
10/19/2021,0.4710280373831776
10/18/2021,0.40761876528570373
10/15/2021,0.40451272916202785
10/14/2021,0.4226918798665183
10/13/2021,0.34990791896869244
10/12/2021,0.3091190108191654
10/11/2021,0.32044198895027626
10/08/2021,0.29981718464351004
10/07/2021,0.29992684711046086
10/06/2021,0.2824858757062147
10/05/2021,0.28819495111629945
10/04/2021,0.30549898167006106
10/01/2021,0.3012266821514118
09/30/2021,0.3078371722439519
09/29/2021,0.2804746494066882
09/28/2021,0.28604533275400107
09/27/2021,0.29501748251748255
09/24/2021,0.30074643090078995
09/23/2021,0.3063904289466005
09/22/2021,0.29409628930360904
09/21/2021,0.28903822530529666
09/20/2021,0.29757584555087824
09/17/2021,0.33090909090909093
09/16/2021,0.3313911143481428
09/15/2021,0.3333577551468972
09/14/2021,0.32638990758398123
09/13/2021,0.25805500258055003
09/10/2021,0.25053422739665465
09/09/2021,0.24341668510732467
09/08/2021,0.2541998231653404
09/07/2021,0.2658592423011594
09/06/2021,0.2788311398616997
09/03/2021,0.25679196129512466
09/02/2021,0.25906735751295334
09/01/2021,0.2614716063931649
08/31/2021,0.24112231477422183
08/30/2021,0.244436337103247
08/27/2021,0.23340627279358134
08/26/2021,0.23569511929799117
08/25/2021,0.24319419237749548
08/24/2021,0.24678812513609644
08/23/2021,0.22686352178610011
08/20/2021,0.21751533304806733
08/19/2021,0.236372752668147
08/18/2021,0.23880164990230845
08/17/2021,0.2394948835183976
08/16/2021,0.24944974321349966
08/13/2021,0.265545474662536
08/12/2021,0.28273481677315127
08/11/2021,0.3023598820058997
08/10/2021,0.26439482961222094
08/09/2021,0.26435599941254223
08/06/2021,0.2646475042270087
08/05/2021,0.23345438375453942
08/04/2021,0.23586644062799442
08/03/2021,0.20661157024793392
08/02/2021,0.20266784582504238
07/30/2021,0.2020276226858654
07/29/2021,0.20353785804159577
07/28/2021,0.19455252918287938
07/27/2021,0.19927669938740866
07/26/2021,0.21050299135829822
07/23/2021,0.21005306603773582
07/22/2021,0.1990123092798703
07/21/2021,0.17997502387423786
07/20/2021,0.16827626573017268
07/19/2021,0.17233792901144032
07/16/2021,0.16665432190208132
07/15/2021,0.16741071428571427
07/14/2021,0.16807350414581312
07/13/2021,0.1679856652232343
07/12/2021,0.16853932584269665
07/09/2021,0.16822429906542058
07/08/2021,0.17472118959107807
07/07/2021,0.17949293246578416
07/06/2021,0.17624118794060298
07/05/2021,0.17695783132530118
07/02/2021,0.18368571000149947
07/01/2021,0.1754910014188634
06/30/2021,0.17993702204228518
06/29/2021,0.1766651631333634
06/28/2021,0.17409734312315497
06/25/2021,0.1785849988600957
06/24/2021,0.1742820337955596
06/23/2021,0.17063552252388897
06/22/2021,0.17308850090307046
06/21/2021,0.17315365504780547
06/18/2021,0.17964071856287422
06/17/2021,0.18146075911084228
06/16/2021,0.18881011097410602
06/15/2021,0.18831667947732514
06/11/2021,0.19621421975992612
06/10/2021,0.1975060026334134
06/09/2021,0.20103610917807163
06/08/2021,0.20509248510177233
06/07/2021,0.21349274124679762
06/04/2021,0.2012851281257258
06/03/2021,0.1953424237781523
06/02/2021,0.19768974339096052
06/01/2021,0.18629201272995422
05/31/2021,0.18565792527268507
05/28/2021,0.1887519260400616
05/27/2021,0.1780047983902175
05/26/2021,0.18577289263874913
05/25/2021,0.17417556897352532
05/24/2021,0.1781702688047099
05/21/2021,0.18564356435643564
05/20/2021,0.1825951825951826
05/19/2021,0.17822549399457577
05/18/2021,0.183036061998598
05/17/2021,0.17459455264995735
05/14/2021,0.17880743216978934
05/13/2021,0.16985793699814702
05/12/2021,0.1702918182521867
05/11/2021,0.1805337519623234
05/10/2021,0.1889168765743073
05/07/2021,0.1922624185827513
05/06/2021,0.19822761194029853
05/05/2021,0.20533085386641875
05/04/2021,0.2116198537899192
05/03/2021,0.21334367726920095
04/30/2021,0.21189705655725072
04/29/2021,0.22139361454206477
04/28/2021,0.22146242909316963
04/27/2021,0.20205160087037613
04/26/2021,0.1989700374531835
04/23/2021,0.20112941904540885
04/22/2021,0.19695682397466596
04/21/2021,0.19773573200992556
04/20/2021,0.20116054158607352
04/19/2021,0.21349274124679762
04/16/2021,0.20490218820072684
04/15/2021,0.20904304738309074
04/14/2021,0.22017923362175526
04/13/2021,0.19447834045149484
04/12/2021,0.1867805138370054
04/09/2021,0.19820094526604665
04/08/2021,0.17948522111051707
04/07/2021,0.1717032967032967
04/06/2021,0.17225539733578318
04/01/2021,0.17108965097711204
03/31/2021,0.16744044447827078
03/30/2021,0.1597444089456869
03/29/2021,0.16036655211912942
03/26/2021,0.16781083142639205
03/25/2021,0.15930814747382793
03/24/2021,0.16398444054610634
03/23/2021,0.168750479404771
03/22/2021,0.17433751743375175
03/19/2021,0.1781702688047099
03/18/2021,0.17937919201372643
03/17/2021,0.16941321423070999
03/16/2021,0.1781426690419023
03/15/2021,0.17810128542666873
03/12/2021,0.17068818372255412
03/11/2021,0.15926041019266624
03/10/2021,0.14263685427910563
03/09/2021,0.1462776195242128
03/08/2021,0.15349194167306218
03/05/2021,0.15309246785058175
03/04/2021,0.16774596239369585
03/03/2021,0.1718213058419244
03/02/2021,0.17190185966557273
03/01/2021,0.17497472587292948
02/26/2021,0.17358432340688165
02/25/2021,0.1830627188793378
02/24/2021,0.1783449587824984
02/23/2021,0.1899034657382497
02/22/2021,0.1938137805553358
02/19/2021,0.17316017316017318
02/18/2021,0.18608978832286577
02/17/2021,0.1779497098646035
02/16/2021,0.18243925161089977
02/15/2021,0.19078025229714995
02/12/2021,0.19388863037071505
02/11/2021,0.20561762880198636
02/10/2021,0.21260146888287593
02/09/2021,0.23921598888803147
02/08/2021,0.2425689203757893
02/05/2021,0.24110218140068887
02/04/2021,0.23549073230021267
02/03/2021,0.26279707495429616
02/02/2021,0.2617403838858964
02/01/2021,0.263097689315946
01/29/2021,0.2641653905053598
01/28/2021,0.2838947287654416
01/27/2021,0.3035892706171701
01/25/2021,0.25013468790887405
01/22/2021,0.23149934408519174
01/21/2021,0.22905505085798586
01/20/2021,0.2205370270061131
01/19/2021,0.16544824932666408
01/18/2021,0.15752266789611188
01/15/2021,0.1659462797159617
01/14/2021,0.16736727385956718
01/13/2021,0.17019959771004178
01/12/2021,0.16223733003708282
01/11/2021,0.16938712657838004
01/08/2021,0.17479801118707272
01/07/2021,0.16290435187340005
01/06/2021,0.18662519440124417
01/05/2021,0.15471493772723757
01/04/2021,0.13055832885339066
12/31/2020,0.11186545286221261
12/30/2020,0.07452366318377382
12/29/2020,0.06705272782688204
12/24/2020,0.06457003950167123
12/23/2020,0.0637329286798179
12/22/2020,0.06256124217984473
12/21/2020,0.06514164520527192
12/18/2020,0.0631514874838317
12/17/2020,0.06551382646453874
12/16/2020,0.06428679473604598
12/15/2020,0.06570004531037607
12/14/2020,0.06329113924050633
12/11/2020,0.06858090285628156
12/10/2020,0.06990904307299105
12/09/2020,0.07078986587183309
12/08/2020,0.062277580071174385
12/07/2020,0.059585878146879184
12/04/2020,0.060957478441867385
12/03/2020,0.06549080896033341
12/02/2020,0.06274915104089769
12/01/2020,0.05300353356890459
11/30/2020,0.055114638447971785
11/27/2020,0.046573519627411845
11/26/2020,0.04195495362873546
11/25/2020,0.041191614564178004
11/24/2020,0.040435230113218645
11/23/2020,0.03784295175023651
11/20/2020,0.035844915874177034
11/19/2020,0.03489386449549288
11/18/2020,0.034399473029349335
11/17/2020,0.03431658878504673
11/16/2020,0.03513394817742644
11/13/2020,0.03407772621809745
11/12/2020,0.03488879197557785
11/11/2020,0.03487865135881412
11/10/2020,0.034919249236141425
11/09/2020,0.03494721514379323
11/06/2020,0.03415697674418605
11/05/2020,0.03415449458614926
11/04/2020,0.03368451229126353
11/03/2020,0.03225575227582252
11/02/2020,0.030966288971778447
10/30/2020,0.032373847561404746
10/29/2020,0.030859868144199745
10/28/2020,0.03249275976548704
10/27/2020,0.03286418518253912
10/26/2020,0.03419290497221827
10/23/2020,0.034136974610625134
10/22/2020,0.035551763367463025
10/21/2020,0.03487668600306061
10/20/2020,0.03526093088857546
10/19/2020,0.035430839002267574
10/16/2020,0.03542581833640357
10/15/2020,0.03469272160860946
10/14/2020,0.03591438011779917
10/13/2020,0.03582945180938732
10/12/2020,0.036043829296424454
10/09/2020,0.03760214042953214
10/08/2020,0.03506010303377218
10/07/2020,0.03143530756590698
10/06/2020,0.03076702919290212
10/05/2020,0.03089080459770115
10/02/2020,0.030808913090205628
10/01/2020,0.03090856814261069
09/30/2020,0.03154121863799283
09/29/2020,0.029903880384478464
09/28/2020,0.030345800988002818
09/25/2020,0.028761837951595932
09/24/2020,0.02881641833005342
09/23/2020,0.02912138646210669
09/22/2020,0.02870882078518625
09/21/2020,0.03026590761692009
09/18/2020,0.02926115581565472
09/17/2020,0.029194949273775635
09/16/2020,0.03010057998678511
09/15/2020,0.0299139063184007
09/14/2020,0.029194949273775635
09/11/2020,0.029105726551699046
09/10/2020,0.029150269639994168
09/09/2020,0.028384279475982533
09/08/2020,0.02822609828472172
09/07/2020,0.02839667977282656
09/04/2020,0.027510316368638238
09/03/2020,0.026916921286192344
09/02/2020,0.02778590231061714
09/01/2020,0.027288148093517216
08/31/2020,0.029515938606847703
08/28/2020,0.03160835048515142
08/27/2020,0.031833309217189985
08/26/2020,0.03178501769847576
08/25/2020,0.032262689991396615
08/24/2020,0.03153217715350437
08/21/2020,0.031511852753706215
08/20/2020,0.03152539944114064
08/19/2020,0.03254031383324897
08/18/2020,0.03254502061184638
08/17/2020,0.032439446366782004
08/14/2020,0.032253440366972475
08/13/2020,0.03224881754335674
08/12/2020,0.03298200329820033
08/11/2020,0.03294185047264394
08/10/2020,0.032920632648679594
08/07/2020,0.03300803673938003
08/06/2020,0.032467532467532464
08/05/2020,0.03395463083369455
08/04/2020,0.03145778222635304
08/03/2020,0.03126110124333925
07/31/2020,0.03152991759226084
07/30/2020,0.03137478608100399
07/29/2020,0.03153443703862969
07/28/2020,0.03148930079438918
07/27/2020,0.03209242618741977
07/24/2020,0.03192621496984746
07/23/2020,0.03274487471526196
07/22/2020,0.032165832737669764
07/21/2020,0.03273322422258592
07/20/2020,0.031530269058295965
07/17/2020,0.03145533342653432
07/16/2020,0.031512605042016806
07/15/2020,0.03296163826355285
07/14/2020,0.033426183844011144
07/13/2020,0.03352423522838385
07/10/2020,0.033372731697142465
07/09/2020,0.03479713271626418
07/08/2020,0.03618398162967086
07/07/2020,0.03277316784045743
07/06/2020,0.03210048848569435
07/03/2020,0.03193113980285992
07/02/2020,0.03112463687923641
07/01/2020,0.030416148209594908
06/30/2020,0.03106876553438277
06/29/2020,0.03151548369416279
06/26/2020,0.03152196258480093
06/25/2020,0.030906593406593404
06/24/2020,0.03232906864768194
06/23/2020,0.03270475262681789
06/22/2020,0.03243616287094548
06/19/2020,0.031552232663419985
06/18/2020,0.03154790480762636
06/17/2020,0.03105161468396356
06/16/2020,0.030265511074425645
06/15/2020,0.03150684931506849
06/12/2020,0.03077133479212254
06/11/2020,0.029659263346668505
06/10/2020,0.03291086058399272
06/09/2020,0.03136107045787163
06/05/2020,0.03073913650971077
06/04/2020,0.029142381348875937
06/03/2020,0.03055555555555555
06/02/2020,0.02886399560167686
06/01/2020,0.029136739395582055
05/29/2020,0.031204355331297305
05/28/2020,0.03128952799414154
05/27/2020,0.0329077267342372
05/26/2020,0.03989626969878316
05/25/2020,0.03927472671335995
05/22/2020,0.039156823076421064
05/21/2020,0.03936233024995079
05/20/2020,0.03969566655640092
05/19/2020,0.03675022968893556
05/18/2020,0.035797969278833636
05/15/2020,0.03459542571593312
05/14/2020,0.03532887975334019
05/13/2020,0.03429532807040248
05/12/2020,0.03452993680370057
05/11/2020,0.03433087187459515
05/08/2020,0.03203870799006146
05/07/2020,0.027793937043500742
05/06/2020,0.027597715165907193
05/05/2020,0.027095026127346624
05/04/2020,0.025626241271061567
05/01/2020,0.025736713421696047
04/30/2020,0.026159178601791906
04/29/2020,0.026131835108120467
04/28/2020,0.025994281258123215
04/27/2020,0.02520682523267839
04/24/2020,0.024208447474039625
04/23/2020,0.025593448077292216
04/22/2020,0.025274864147605207
04/21/2020,0.02698631856407682
04/20/2020,0.026167985703344398
04/17/2020,0.026053250301836434
04/16/2020,0.025190503180301027
04/15/2020,0.02722035829587896
04/14/2020,0.026226571995138493
04/09/2020,0.025211143325349804
04/08/2020,0.02367453741199925
04/07/2020,0.022894622857496442
04/06/2020,0.023159434422233054
04/03/2020,0.020431464455261106
04/02/2020,0.013316385206706615
04/01/2020,0.013442502749602835
03/31/2020,0.013496104533464202
03/30/2020,0.012319063751154912
03/27/2020,0.012266928361138369
03/26/2020,0.01210727041588474
03/25/2020,0.008939746111210442
03/24/2020,0.008304662474789417
03/23/2020,0.008058481551833304
03/20/2020,0.010451140916216685
03/19/2020,0.011160058737151249
03/18/2020,0.012838468720821661
03/17/2020,0.01376421304608019
03/16/2020,0.015371372356123956
03/13/2020,0.015411170016027619
03/12/2020,0.01763779527559055
03/11/2020,0.020205970538391342
03/10/2020,0.020764389072740252
03/09/2020,0.019853087155052608