Pricing Date,EXE | Share Price (Daily)($)
03/07/2025,43.8558402084238
03/06/2025,44.4011262724713
03/05/2025,44.17627410839349
03/04/2025,44.01853411962931
03/03/2025,43.87530177390574
02/28/2025,44.22016439496411
02/27/2025,44.22476586888658
02/26/2025,45.187053383774696
02/25/2025,45.04409911801764
02/24/2025,44.91676264265522
02/21/2025,44.941471571906355
02/20/2025,44.7886144830473
02/19/2025,43.91716099490062
02/18/2025,45.193011821320226
02/17/2025,45.478361102378706
02/14/2025,45.378151260504204
02/13/2025,45.4308093994778
02/12/2025,45.873459666563114
02/11/2025,47.180548370408694
02/10/2025,46.808949376224355
02/07/2025,47.05274043433299
02/06/2025,47.1052085494916
02/05/2025,46.87988332117929
02/04/2025,46.27516082174726
02/03/2025,46.01258640255855
01/31/2025,46.149048955410045
01/30/2025,46.492233920567074
01/29/2025,45.41666666666667
01/28/2025,47.24163103556158
01/27/2025,47.99411888258769
01/24/2025,48.154768163179476
01/23/2025,48.099947943779284
01/22/2025,47.703364232892405
01/21/2025,47.544735746982944
01/20/2025,46.58901830282861
01/17/2025,45.48729031594113
01/16/2025,46.32489190858555
01/15/2025,46.91840724354358
01/14/2025,47.86905497220506
01/13/2025,47.22562219502243
01/10/2025,47.07808822024357
01/09/2025,47.76611076796377
01/08/2025,46.78965268473668
01/07/2025,46.85394423136727
01/06/2025,45.1995012468828
01/03/2025,44.25689584191025
01/02/2025,43.9954876422931
12/31/2024,44.518066052386374
12/30/2024,44.71882133222661
12/27/2024,44.94733548858067
12/24/2024,45.298701298701296
12/23/2024,45.4356415055105
12/20/2024,45.41666666666667
12/19/2024,44.74667774086379
12/18/2024,45.26878340144609
12/17/2024,45.249343832021
12/16/2024,44.642857142857146
12/13/2024,44.0852314474651
12/12/2024,43.84308789595132
12/11/2024,43.93415120058719
12/10/2024,43.81172515234293
12/09/2024,44.11764705882353
12/06/2024,44.38338793194547
12/05/2024,44.39277032026212
12/04/2024,44.229149115417016
12/03/2024,44.570587616945225
12/02/2024,45.125406653373915
11/29/2024,46.10677358092425
11/28/2024,45.99641312374723
11/27/2024,47.096092925026404
11/26/2024,47.64397905759162
11/25/2024,48.74724813921795
11/22/2024,48.648648648648646
11/21/2024,49.197524388964645
11/20/2024,49.00105152471084
11/19/2024,48.91994917407878
11/18/2024,48.303561991332835
11/15/2024,47.895347610507436
11/14/2024,47.39737621667371
11/13/2024,47.90609137055837
11/12/2024,49.336870026525204
11/11/2024,50.165086803706465
11/08/2024,50.63291139240507
11/07/2024,50.91144428864201
11/06/2024,50.761966087143165
11/05/2024,51.861556938530406
11/04/2024,51.932498639085466
11/01/2024,51.746582772835765
10/31/2024,52.11726384364821
10/30/2024,51.47697654213727
10/29/2024,51.19896305897603
10/28/2024,51.20155877895648
10/25/2024,51.19047619047619
10/24/2024,51.306977748973864
10/23/2024,51.32075471698113
10/22/2024,51.79498269896194
10/21/2024,51.43475906876015
10/18/2024,51.68856553371702
10/17/2024,51.218191662154844
10/16/2024,51.664128779638894
10/15/2024,52.12649945474372
10/14/2024,52.154937261320235
10/11/2024,53.10412788787912
10/10/2024,54.29913689500711
10/09/2024,54.43592552026288
10/08/2024,54.39789427506032
10/07/2024,54.43968828888157
10/04/2024,55.4702916027187
10/03/2024,55.733010243418875
10/02/2024,55.880728879072336
10/01/2024,56.453398273190174
09/30/2024,55.43163060450592
09/27/2024,52.24963715529753
09/26/2024,52.866882753995746
09/25/2024,52.66681544298148
09/24/2024,52.402720481659046
09/23/2024,52.8835448675128
09/20/2024,53.018489641345504
09/19/2024,52.79572287814657
09/18/2024,52.47359644246804
09/17/2024,52.25125069483046
09/16/2024,52.5027808676307
09/13/2024,52.112207561813946
09/12/2024,51.86493047892297
09/11/2024,51.09006826690156
09/10/2024,51.59298864513284
09/09/2024,50.67903279231534
09/06/2024,50.0777259604708
09/05/2024,51.77383592017738
09/04/2024,52.52659574468085
09/03/2024,52.88143077942151
09/02/2024,52.77716308917902
08/30/2024,52.64904324742838
08/29/2024,52.06025697828976
08/28/2024,52.52615179167594
08/27/2024,52.13799263146143
08/26/2024,52.26130653266331
08/23/2024,52.71994627266622
08/22/2024,53.315561479506826
08/21/2024,53.428317008014254
08/20/2024,53.2918840901521
08/19/2024,52.53843601371529
08/16/2024,52.209276764123985
08/15/2024,52.72407732864674
08/14/2024,53.36861837027235
08/13/2024,53.1273962098806
08/12/2024,53.47184253690541
08/09/2024,53.42510652245166
08/08/2024,53.45843334060659
08/07/2024,54.21950153038916
08/06/2024,54.11610364053788
08/05/2024,54.64121132323897
08/02/2024,55.03986021622802
08/01/2024,55.00431406384814
07/31/2024,55.41125541125541
07/30/2024,56.17370638435778
07/29/2024,56.277056277056275
07/26/2024,56.23710780588427
07/25/2024,56.24932131610381
07/24/2024,56.00781504395962
07/23/2024,56.01389491967
07/22/2024,56.16020896821943
07/19/2024,56.17855198693522
07/18/2024,56.06457242582897
07/17/2024,56.42427556041553
07/16/2024,56.154097290238326
07/15/2024,56.31958087753766
07/12/2024,56.27044711014177
07/11/2024,56.09305359278182
07/10/2024,55.856245940679806
07/09/2024,56.85871797643498
07/08/2024,57.20476706392199
07/05/2024,57.37793655948901
07/04/2024,57.29729729729729
07/03/2024,56.17977528089887
07/02/2024,56.68885548636461
07/01/2024,56.61591250268068
06/28/2024,56.573449051751844
06/27/2024,56.31088748527995
06/26/2024,55.32414824308448
06/25/2024,54.80038531520925
06/24/2024,54.71515931766977
06/21/2024,53.41880341880342
06/20/2024,53.579082726103735
06/19/2024,53.16863587540279
06/18/2024,52.84072602298357
06/17/2024,52.21960111516192
06/14/2024,53.05380254572682
06/13/2024,58.557588805166844
06/12/2024,59.00856925913874
06/11/2024,58.77936286603025
06/10/2024,59.08895573700043
06/07/2024,61.82447038478167
06/06/2024,62.02393906420021
06/05/2024,61.936325111376725
06/04/2024,62.02393906420021
06/03/2024,62.26866971478338
05/31/2024,61.815421320897954
05/30/2024,60.72435480373021
05/29/2024,61.431970581873244
05/28/2024,61.77942136175766
05/27/2024,59.50700401780866
05/24/2024,58.17866058829914
05/23/2024,56.93256845979002
05/22/2024,57.8610900422581
05/21/2024,58.63192182410424
05/20/2024,60.38883458238297
05/17/2024,60.88280060882801
05/16/2024,60.21739130434782
05/15/2024,58.90664058254538
05/14/2024,56.90177412375595
05/13/2024,56.125202374527795
05/10/2024,55.788906838987614
05/09/2024,56.24393923068635
05/08/2024,56.52874798495432
05/07/2024,58.424059501994186
05/06/2024,59.045361491218614
05/03/2024,58.81719271787138
05/02/2024,58.62843693163582
04/30/2024,58.597091531223256
04/29/2024,58.71638272795457
04/26/2024,58.93028717839224
04/25/2024,59.13229780396358
04/24/2024,59.41440478734773
04/23/2024,60.98865824951851
04/22/2024,60.45769026077701
04/19/2024,60.586666666666666
04/18/2024,60.35402004691833
04/17/2024,60.64474944142994
04/16/2024,60.36773302157509
04/15/2024,60.39340776182881
04/12/2024,60.20636102542282
04/11/2024,60.40484095533897
04/10/2024,61.035890823124866
04/09/2024,60.35605731654364
04/08/2024,60.57316543638732
04/05/2024,59.55603681645913
04/04/2024,60.61264392787313
04/03/2024,61.07862248213125
04/02/2024,60.30583674348482
03/28/2024,60.27219701879456
03/27/2024,60.80934862583857
03/26/2024,61.49182635054671
03/25/2024,61.11171307834002
03/22/2024,61.831153388822834
03/21/2024,62.11315017917255
03/20/2024,62.09966344587993
03/19/2024,62.33709817549957
03/18/2024,61.9699934768428
03/15/2024,61.846689895470384
03/14/2024,61.649057836836946
03/13/2024,62.60260479369597
03/12/2024,62.01550387596899
03/11/2024,62.28827450551852
03/08/2024,62.39054290718038
03/07/2024,62.73224043715846
03/06/2024,62.79297939605363
03/05/2024,62.160399913062385
03/04/2024,62.3438687954817
03/01/2024,61.49182635054671
02/29/2024,61.831153388822834
02/28/2024,61.971830985915496
02/27/2024,62.072707542051
02/26/2024,61.40160555435019
02/23/2024,61.45190955317537
02/22/2024,62.52028123309896
02/21/2024,62.067474048442904
02/20/2024,62.10104944282159
02/19/2024,60.73005276192528
02/16/2024,60.54729584141349
02/15/2024,61.53846153846155
02/14/2024,61.13911830955701
02/13/2024,61.314181584307015
02/12/2024,62.69524938058817
02/09/2024,61.46215225361225
02/08/2024,64.3702906350915
02/07/2024,63.48181622552185
02/06/2024,63.62170875873186
02/05/2024,61.353641531695814
02/02/2024,61.94021797777059
02/01/2024,64.0052072032979
01/31/2024,62.92719973961159
01/30/2024,63.942776633792135
01/29/2024,63.09420916162489
01/26/2024,64.53715775749674
01/25/2024,61.55846970846429
01/24/2024,61.46469049694856
01/23/2024,62.411962292772785
01/22/2024,59.893281062833495
01/19/2024,58.765915768854065
01/18/2024,58.67014341590613
01/17/2024,59.05981978069699
01/16/2024,59.91285403050109
01/15/2024,61.75407861600789
01/12/2024,61.19763105944285
01/11/2024,61.74731771403547
01/10/2024,61.602543023128355
01/09/2024,60.31468531468532
01/08/2024,60.57945566286216
01/05/2024,59.21701941002303
01/04/2024,57.205479452054796
01/03/2024,56.75616677581314
01/02/2024,59.18456817185445
12/29/2023,59.688294462252685
12/28/2023,59.81391227292866
12/27/2023,59.60854092526691
12/22/2023,57.02961576571617
12/21/2023,56.941848961196
12/20/2023,52.00219418540866
12/19/2023,52.256010539027336
12/18/2023,52.08560821139988
12/15/2023,52.1663210738841
12/14/2023,50.24738867509621
12/13/2023,48.12257229175658
12/12/2023,49.314772849897494
12/11/2023,50.17189514396219
12/08/2023,50.747231480485965
12/07/2023,51.03031610745496
12/06/2023,50.83648138154345
12/05/2023,50.83648138154345
12/04/2023,50.86029650470728
12/01/2023,51.0481155642446
11/30/2023,51.80499509215836
11/29/2023,51.985084448343926
11/28/2023,52.192066805845506
11/27/2023,52.46475024592851
11/24/2023,52.274715660542434
11/23/2023,52.235550708833145
11/22/2023,52.16257335361878
11/21/2023,52.99967216697629
11/20/2023,48.47357478936426
11/17/2023,47.681254082299155
11/16/2023,47.03454268955029
11/15/2023,47.14828897338403
11/14/2023,46.55958324289126
11/13/2023,45.45940742325382
11/10/2023,45.45454545454545
11/09/2023,45.84895554365292
11/08/2023,46.58385093167702
11/07/2023,46.275515656727585
11/06/2023,46.61654135338346
11/03/2023,47.0360824742268
11/02/2023,46.70912951167728
11/01/2023,46.69547802255718
10/31/2023,47.33227680929741
10/30/2023,44.98673740053051
10/27/2023,44.592733820569855
10/26/2023,44.43976411120472
10/25/2023,42.981156044886724
10/24/2023,44.89623041084286
10/23/2023,45.744680851063826
10/20/2023,45.54602266709035
10/19/2023,45.79587519830777
10/18/2023,45.50721584325293
10/17/2023,46.04149026248942
10/16/2023,45.87639738451803
10/13/2023,45.669291338582674
10/12/2023,46.10677358092425
10/11/2023,46.70912951167728
10/10/2023,46.7557251908397
10/09/2023,46.50427080037962
10/06/2023,46.53622421998942
10/05/2023,47.58896609812592
10/04/2023,47.18864950078823
10/03/2023,47.713717693836976
10/02/2023,48.13452443510247
09/29/2023,49.00508044030483
09/28/2023,48.92223161453931
09/27/2023,47.96970334525563
09/26/2023,50.12690355329949
09/25/2023,50.9372021603304
09/22/2023,52.00341005967604
09/21/2023,52.35657922798039
09/20/2023,52.73877157251582
09/19/2023,52.766502883999145
09/18/2023,53.300576799829095
09/15/2023,54.204011950490816
09/14/2023,54.4
09/13/2023,55.012356290963794
09/12/2023,55.35886707434824
09/11/2023,55.024180548092424
09/08/2023,55.28176558817228
09/07/2023,55.002675227394334
09/06/2023,54.43634804972139
09/05/2023,53.996143132633385
09/04/2023,53.931614712544494
09/01/2023,53.10880829015544
08/31/2023,53.687635574837316
08/30/2023,53.794008309643566
08/29/2023,53.784428540446754
08/28/2023,53.59265262020529
08/25/2023,53.54449472096531
08/24/2023,53.82865807429872
08/23/2023,54.03645833333333
08/22/2023,53.93380358111774
08/21/2023,53.89221556886227
08/18/2023,53.61609570418706
08/17/2023,53.62776025236593
08/16/2023,53.67077560815971
08/15/2023,53.97137550529881
08/14/2023,54.464090809866846
08/11/2023,54.69691987284884
08/10/2023,55.2985239039436
08/09/2023,54.8967940272288
08/08/2023,54.734537493158186
08/07/2023,55.017605633802816
08/04/2023,56.51837951208743
08/03/2023,56.49841235081573
08/02/2023,57.52405949256343
08/01/2023,56.57894736842105
07/31/2023,59.29027992065242
07/28/2023,59.543499834601384
07/27/2023,59.34718100890208
07/26/2023,59.57258332410585
07/25/2023,58.5505965532479
07/24/2023,56.693610895803346
07/21/2023,56.494661921708186
07/20/2023,56.62059741417744
07/19/2023,56.20871123054529
07/18/2023,55.948769801145936
07/17/2023,55.942484834868566
07/14/2023,55.96134397123272
07/13/2023,55.630176852473696
07/12/2023,55.37640386967641
07/11/2023,54.731289152654135
07/10/2023,54.69522240527183
07/07/2023,54.31449846692948
07/06/2023,53.44340647403868
07/05/2023,54.16576027844246
07/04/2023,54.054054054054056
07/03/2023,54.34308162374509
06/30/2023,54.25764192139738
06/29/2023,54.327708219923785
06/28/2023,54.47003602226831
06/27/2023,55.66513258820951
06/26/2023,55.434308162374506
06/23/2023,54.84818805093045
06/22/2023,55.01972818939062
06/21/2023,54.97152869031976
06/20/2023,54.749700076344205
06/19/2023,54.85139860139861
06/16/2023,54.62093074065982
06/15/2023,54.83941446362247
06/14/2023,54.904513888888886
06/13/2023,54.64953018684523
06/12/2023,54.83870967741935
06/09/2023,54.63540546354054
06/08/2023,54.5199870703588
06/07/2023,53.74156942511509
06/06/2023,53.869174861051725
06/05/2023,54.63310123192287
06/02/2023,53.85110491310878
06/01/2023,54.75628086751127
05/31/2023,54.35361824576361
05/30/2023,55.10291595197256
05/29/2023,56.12080968191067
05/26/2023,54.80038531520925
05/25/2023,55.98455598455598
05/24/2023,55.746879035729656
05/23/2023,55.59146735617324
05/22/2023,55.94556647586132
05/19/2023,54.714532871972324
05/18/2023,54.26940885108216
05/17/2023,54.996210890981914
05/16/2023,55.392636037797324
05/15/2023,55.664274842357045
05/12/2023,55.3866203301477
05/11/2023,56.34417995195459
05/10/2023,56.6410537870472
05/09/2023,56.75468390489756
05/08/2023,56.41251652710446
05/05/2023,56.41251652710446
05/04/2023,56.11795774647887
05/03/2023,56.384742951907135
05/02/2023,56.01933216168717
04/28/2023,56.064452047235406
04/27/2023,56.431169403725335
04/26/2023,56.3349166022313
04/25/2023,56.23283909939594
04/24/2023,53.8037486218302
04/21/2023,53.683170490723455
04/20/2023,53.9651201052978
04/19/2023,54.03924147758412
04/18/2023,54.3859649122807
04/17/2023,53.83271456649924
04/14/2023,53.19850516597054
04/13/2023,53.38196286472148
04/12/2023,52.920509442248566
04/11/2023,52.390307793058284
04/06/2023,53.074150922791304
04/05/2023,53.62018128207928
04/04/2023,54.35616438356164
04/03/2023,54.309969525468006
03/31/2023,54.21555845284659
03/30/2023,54.52562704471101
03/29/2023,54.16531253385332
03/28/2023,54.21229534858506
03/27/2023,53.908355795148246
03/24/2023,53.57142857142857
03/23/2023,54.67813963620521
03/22/2023,53.94907207596029
03/21/2023,53.821313240043054
03/20/2023,54.20460632029995
03/17/2023,54.57840315531393
03/16/2023,55.62632696390658
03/15/2023,55.42676501580611
03/14/2023,54.662379421221864
03/13/2023,55.13246808967071
03/10/2023,55.46075085324232
03/09/2023,55.42627459276496
03/08/2023,55.57316428948759
03/07/2023,55.637825259149565
03/06/2023,54.46972124319129
03/03/2023,52.7877888488446
03/02/2023,54.08271474019088
03/01/2023,54.85592315901814
02/28/2023,55.20169851380042
02/27/2023,55.726242186672316
02/24/2023,54.863895336568895
02/23/2023,55.50847457627119
02/22/2023,55.70912183712524
02/21/2023,56.984313307010986
02/20/2023,58.138292187666984
02/17/2023,55.23565792279804
02/16/2023,55.72160546541418
02/15/2023,56.344040123786144
02/14/2023,59.675861328753896
02/13/2023,61.72971814382167
02/10/2023,63.22084579239641
02/09/2023,64.72422320180625
02/08/2023,64.58534492007296
02/07/2023,63.10160427807486
02/06/2023,64.20442344857204
02/03/2023,65.54530656538252
02/02/2023,64.50907500546687
02/01/2023,66.16442843105142
01/31/2023,66.90561529271207
01/30/2023,66.94924464732094
01/27/2023,66.65219279201042
01/26/2023,66.63049376017362
01/25/2023,67.09508768108049
01/24/2023,66.34761801174679
01/23/2023,66.08695652173913
01/20/2023,65.88643259644559
01/19/2023,65.83917970858069
01/18/2023,65.77239290350497
01/17/2023,65.67293151868654
01/16/2023,64.71861471861472
01/13/2023,64.91398896462188
01/12/2023,64.89994591671173
01/11/2023,63.434039350607456
01/10/2023,63.37271750805586
01/09/2023,62.76195593766791
01/06/2023,60.70897898535343
01/05/2023,59.78947368421052
01/04/2023,60.88247772592278
01/03/2023,59.27644763210632
01/02/2023,58.610400682011935
12/30/2022,58.138292187666984
12/29/2022,55.437100213219615
12/28/2022,54.59953261100488
12/27/2022,53.90433578353041
12/23/2022,53.10674455655868
12/22/2022,51.917779190506465
12/21/2022,52.843803056027156
12/20/2022,52.709883103081836
12/19/2022,52.40823254827074
12/16/2022,52.80458063832043
12/15/2022,52.861093384386294
12/14/2022,53.70271710175812
12/13/2022,53.869903119344194
12/12/2022,53.26876513317192
12/09/2022,54.58952471282537
12/08/2022,51.887787386627295
12/07/2022,49.31276885951107
12/06/2022,47.44371975594362
12/05/2022,47.288776796973515
12/02/2022,47.07979448463878
12/01/2022,48.07389524509289
11/30/2022,48.159224502423434
11/29/2022,48.39210009306173
11/28/2022,48.59813084112149
11/25/2022,49.079754601227
11/24/2022,48.59015711164292
11/23/2022,46.024670882139525
11/22/2022,45.21167283189478
11/21/2022,44.15983606557377
11/18/2022,44.55958549222798
11/17/2022,43.15506917200082
11/16/2022,43.69083532716113
11/15/2022,43.735715769790154
11/14/2022,42.894056847545215
11/11/2022,42.86304482544929
11/10/2022,42.28501727993494
11/09/2022,42.00582855994372
11/08/2022,39.30659141302157
11/07/2022,37.59248150369926
11/04/2022,37.47026169706582
11/03/2022,37.185243021667
11/02/2022,38.07457092128625
11/01/2022,38.1995854308558
10/31/2022,39.35528527637694
10/28/2022,36.79029531669484
10/27/2022,34.62423696587612
10/26/2022,35.13540722843048
10/25/2022,35.01246882793018
10/24/2022,34.58839806304971
10/21/2022,34.91565319733229
10/20/2022,34.80141565080613
10/19/2022,34.82684406182744
10/18/2022,35.36693191865606
10/17/2022,35.61616954474096
10/14/2022,35.47412532891531
10/13/2022,36.422224392149204
10/12/2022,37.25261932479628
10/11/2022,38.3082158483228
10/10/2022,38.0998545807077
10/07/2022,38.61570045947796
10/06/2022,39.11547911547911
10/05/2022,39.43606428078478
10/04/2022,36.575642814430935
10/03/2022,33.64485981308412
09/30/2022,34.32045499117474
09/29/2022,35.35846845086931
09/28/2022,37.02989392478303
09/27/2022,37.33922057976579
09/26/2022,37.91240594250434
09/23/2022,37.62761302868255
09/22/2022,39.465933634400166
09/21/2022,39.79067930489732
09/20/2022,40.15582858855259
09/19/2022,40.74074074074075
09/16/2022,40.68951693726197
09/15/2022,40.679660169915046
09/14/2022,41
09/13/2022,41.224734840904546
09/12/2022,41.839732549893625
09/09/2022,41.566265060240966
09/08/2022,41.96570972886762
09/07/2022,42.19325306000597
09/06/2022,42.199108469539375
09/05/2022,42.65873015873016
09/02/2022,43.53932584269663
09/01/2022,43.03319419598489
08/31/2022,44.11320374660086
08/30/2022,43.37373535009517
08/29/2022,43.156843156843166
08/26/2022,44.07796101949025
08/25/2022,44.54853498106438
08/24/2022,44.60187587307923
08/23/2022,44.891021795640874
08/22/2022,44.88455414012739
08/19/2022,45.18072289156627
08/18/2022,46.02128737962494
08/17/2022,46.171056645987996
08/16/2022,45.89396560496591
08/15/2022,45.92200386925975
08/12/2022,46.75484466318056
08/11/2022,47.08798017348204
08/10/2022,48.3386812959321
08/09/2022,47.76516313797689
08/08/2022,47.93050587634133
08/05/2022,46.71947999187487
08/04/2022,46.1381074168798
08/03/2022,46.02128737962494
08/02/2022,46.39543183440399
08/01/2022,46.84610643106637
07/29/2022,46.715626274989795
07/28/2022,44.91413474240423
07/27/2022,44.78216818642351
07/26/2022,44.55696202531645
07/25/2022,45.13427958746043
07/22/2022,45.59394806787978
07/21/2022,45.2322738386308
07/20/2022,45.91836734693878
07/19/2022,45.97583452795413
07/18/2022,45.65792149684767
07/15/2022,45.30776992936428
07/14/2022,44.953944733680416
07/13/2022,45.30776992936428
07/12/2022,45.189210950080515
07/11/2022,45.37205081669691
07/08/2022,47.12468193384223
07/07/2022,46.771733604473816
07/06/2022,46.319861549424814
07/05/2022,46.40917938735785
07/04/2022,47.5544895192408
07/01/2022,47.6388599958394
06/30/2022,44.95086765628267
06/29/2022,45.02146372107633
06/28/2022,45.57415008946426
06/27/2022,45.835543766578255
06/24/2022,44.83122362869198
06/23/2022,45.74132492113565
06/22/2022,46.2972772539464
06/21/2022,47.287312645134044
06/20/2022,46.96714406065712
06/17/2022,47.92298838547661
06/16/2022,48.334559209835035
06/15/2022,48.47602205346926
06/14/2022,48.44759324859346
06/13/2022,47.147178470845944
06/10/2022,50.61559507523939
06/09/2022,52.77185501066098
06/08/2022,52.936755073553094
06/07/2022,55.18716577540106
06/06/2022,55.60902577264464
06/03/2022,54.01929260450161
06/02/2022,54.92383608667669
06/01/2022,54.96963886225631
05/31/2022,59.00654436219289
05/30/2022,62.31805929919137
05/27/2022,61.06706663809728
05/26/2022,61.14567689337052
05/25/2022,60.651361452215696
05/24/2022,61.158798283261795
05/23/2022,61.979055353708056
05/20/2022,61.39888173858002
05/19/2022,61.83165696135522
05/18/2022,61.49648441599329
05/17/2022,62.35517168738151
05/16/2022,62.005826050769876
05/13/2022,62.24627875507442
05/12/2022,62.06393835259814
05/11/2022,65.36636794939378
05/10/2022,63.19780914261639
05/09/2022,63.415148003792275
05/06/2022,67.38001906981673
05/05/2022,66.8137409391743
05/04/2022,67.18073307277913
05/03/2022,68.52925672113864
05/02/2022,67.03088884219373
04/29/2022,69.76499104225947
04/28/2022,70.08313164263915
04/27/2022,69.77234401349072
04/26/2022,73.95566922421143
04/25/2022,74.14550519661417
04/22/2022,75.23984046566778
04/21/2022,75.5700325732899
04/20/2022,69.91640429920747
04/19/2022,68.65284974093264
04/14/2022,68.95061061277423
04/13/2022,68.59871920112883
04/12/2022,70.83876575402
04/11/2022,71.41301981275855
04/08/2022,73.09114639982597
04/07/2022,74.36484570930105
04/06/2022,75.26178010471205
04/05/2022,75.40159545404873
04/04/2022,76.72859184346488
04/01/2022,77.0419426048565
03/31/2022,81.98178182626083
03/30/2022,82.8125
03/29/2022,82.36208236208236
03/28/2022,82.74802458296752
03/25/2022,80.43072189869244
03/24/2022,79.42794279427943
03/23/2022,75.91594234789305
03/22/2022,70.70484581497797
03/21/2022,70.68698917605478
03/18/2022,67.25663716814158
03/17/2022,66.90375639030896
03/16/2022,66.02839220864972
03/15/2022,66.35278659805103
03/14/2022,66.34446397188049
03/11/2022,64.81278738778191
03/10/2022,65.58098591549296
03/09/2022,67.58253933082207
03/08/2022,64.24915604922138
03/07/2022,63.205907906168555
03/04/2022,64.39641999563415
03/03/2022,65.2005746491325
03/02/2022,66.3338879645036
03/01/2022,66.91119261976215
02/28/2022,68.2762492981471
02/25/2022,68.7246507435782
02/24/2022,66.83747354350005
02/23/2022,71.26696832579185
02/22/2022,71.44477205715582
02/21/2022,73.69614512471655
02/18/2022,73.88939256572984
02/17/2022,74.56240054557853
02/16/2022,74.35197817189632
02/15/2022,77.94568799000113
02/14/2022,78.44467050977732
02/11/2022,81.2043795620438
02/10/2022,84.77886272257322
02/09/2022,84.85818847209515
02/08/2022,85.40762731217173
02/07/2022,84.79030967889385
02/04/2022,84.90673990159057
02/03/2022,83.92407957923622
02/02/2022,82.4672390420244
02/01/2022,84.32651225545312
01/31/2022,85.57347670250897
01/28/2022,85.27737470699856
01/27/2022,85.8704137392662
01/26/2022,87.78066117567415
01/25/2022,88.43767625493514
01/24/2022,88.92408643511709
01/21/2022,89.14596801633208
01/20/2022,89.57931738292324
01/19/2022,89.8876404494382
01/18/2022,90.42492917847025
01/17/2022,96.73739447866757
01/14/2022,88.40662478583668
01/13/2022,87.38532110091744
01/12/2022,88.4167237834133
01/11/2022,85.21758891035111
01/10/2022,84.49428021293464
01/07/2022,84.37287366749831
01/06/2022,84.08679927667269
01/05/2022,86.53301619662477
01/04/2022,88.13559322033899
01/03/2022,87.39837398373984
12/31/2021,88.0245649948823
12/30/2021,87.40942028985508
12/29/2021,87.6078075351793
12/28/2021,85.75630727457856
12/27/2021,84.71121177802945
12/24/2021,86.18934509670852
12/23/2021,85.32307344121308
12/22/2021,88.64203128542282
12/21/2021,89.46478873239438
12/20/2021,89.7377938517179
12/17/2021,89.52531288758597
12/16/2021,93.82771874293466
12/15/2021,89.88510925884208
12/14/2021,91.5238954012624
12/13/2021,91.47374364765669
12/10/2021,86.88765697477089
12/09/2021,86.21078763258859
12/08/2021,87.95194378329367
12/07/2021,78.46223021582735
12/06/2021,79.1699560166911
12/03/2021,77.88689468337283
12/02/2021,78.02781861359267
12/01/2021,79.50169875424689
11/30/2021,78.89990982867448
11/29/2021,81.14504677110335
11/26/2021,83.05986194409869
11/25/2021,81.84774077811413
11/24/2021,82.83891189969775
11/23/2021,83.13619466035823
11/22/2021,84.46897173105079
11/19/2021,84.6824408468244
11/18/2021,85.5651384475715
11/17/2021,85.904826494857
11/16/2021,86.86777046949422
11/15/2021,83.61891706648389
11/12/2021,89.9828277046365
11/11/2021,89.42903003898189
11/10/2021,89.96539792387544
11/09/2021,90.53021532762213
11/08/2021,91.09874826147427
11/05/2021,90.36283799399122
11/04/2021,92.60969976905311
11/03/2021,92.19365299976836
11/02/2021,88.0342870381096
11/01/2021,86.22088306872176
10/29/2021,81.40610545790935
10/28/2021,81.53253124634972
10/27/2021,79.49936261443968
10/26/2021,78.84057971014494
10/25/2021,78.2719777029381
10/22/2021,78.63208095847386
10/21/2021,79.1802515137401
10/20/2021,78.71448532836516
10/19/2021,79.12497090993715
10/18/2021,78.90461824089115
10/15/2021,78.88631090487239
10/14/2021,78.0906036380489
10/13/2021,80.9997685720898
10/12/2021,76.41694563084383
10/11/2021,79.85186899664392
10/08/2021,83.09223469505845
10/07/2021,85.35739070090214
10/06/2021,87.18717564294775
10/05/2021,89.38936614813095
10/04/2021,88.53258975252702
10/01/2021,91.35172733596104
09/30/2021,92.7213722763097
09/29/2021,92.47211895910779
09/28/2021,93.66970334034106
09/27/2021,93.6110461034402
09/24/2021,94.14519906323186
09/23/2021,94.355122638188
09/22/2021,93.90773564972415
09/21/2021,93.74267635340988
09/20/2021,93.88569416735125
09/17/2021,94.14250498884846
09/16/2021,94.11764705882354
09/15/2021,94.54029780193808
09/14/2021,93.88672105947735
09/13/2021,94.21487603305785
09/10/2021,94.62976105985332
09/09/2021,94.5291267871913
09/08/2021,94.5179584120983
09/07/2021,94.71939379587971
09/06/2021,92.28944246737841
09/03/2021,92.92929292929294
09/02/2021,93.00118623962041
09/01/2021,97.19094464857176
08/31/2021,96.78942398489141
08/30/2021,96.76658012744866
08/27/2021,97.1583539676925
08/26/2021,96.90697400917324
08/25/2021,96.81588532487372
08/24/2021,96.59224441833138
08/23/2021,96.91423207790683
08/20/2021,96.49532710280373
08/19/2021,96.29543064157998
08/18/2021,96.20786516853931
08/17/2021,96.06373008434863
08/16/2021,97.79663014021445
08/13/2021,98.65470852017935
08/12/2021,96.21025460518597
08/11/2021,97.17169346320854
08/10/2021,97.08054871614492
08/09/2021,98.21428571428572
08/06/2021,98.10610516409835
08/05/2021,100.41444641799882
08/04/2021,98.4731920937389
08/03/2021,101.00770598695911
08/02/2021,98.882814357024
07/30/2021,98.69513641755634
07/29/2021,100.33285782215884
07/28/2021,99.8819362455726
07/27/2021,99.63317950538399
07/26/2021,101.57080429904335
07/23/2021,99.75297023879544
07/22/2021,98.03228467067281
07/21/2021,98.87905604719764
07/20/2021,97.65854806447817
07/19/2021,96.7551622418879
07/16/2021,98.24064234266147
07/15/2021,98.75959834613111
07/14/2021,98.8647114474929
07/13/2021,98.29867674858222
07/12/2021,97.97177084568854
07/09/2021,102.7405386166805
07/08/2021,100.68704098554845
07/07/2021,107.79573062861188
07/06/2021,108.561967833491
07/05/2021,109.15994304698624
07/02/2021,109.4268119374704
07/01/2021,108.78066121578385
06/30/2021,109.0822859852976
06/29/2021,107.15561376354329
06/28/2021,107.14711848228134
06/25/2021,105.09972530753612
06/24/2021,104.25861863294763
06/23/2021,104.3956043956044
06/22/2021,107.6318609358257
06/21/2021,108.88730045270432
06/18/2021,107.1724955542383
06/17/2021,106.99392350768495
06/16/2021,104.45952496364517
06/15/2021,101.38248847926266
06/14/2021,103.31029465260096
06/11/2021,104.99576629974597
06/10/2021,105.36561625501886
06/09/2021,107.23860589812334
06/08/2021,108.3911825599805
06/07/2021,109.76948408342481
06/04/2021,104.6356004380095
06/03/2021,103.55280708136294
06/02/2021,106.26603151337487
06/01/2021,105.58549730524254
05/31/2021,99.03411174960264
05/28/2021,98.72029250457038
05/27/2021,98.04878048780488
05/26/2021,97.70395701025892
05/25/2021,97.40577581987272
05/24/2021,99.70674486803519
05/21/2021,98.96404631322365
05/20/2021,97.70395701025892
05/19/2021,97.04228794915669
05/18/2021,99.365234375
05/17/2021,98.906439854192
05/14/2021,98.31290205121981
05/13/2021,97.54919715079077
05/12/2021,94.20289855072464
05/11/2021,93.21002677050376
05/10/2021,95.34233248206252
05/07/2021,94.79824987846379
05/06/2021,94.03254972875226
05/05/2021,92.6548247719635
05/04/2021,91.79382434218431
05/03/2021,91.95124894412936
04/30/2021,92.626007458198
04/29/2021,90.87604507451836
04/28/2021,88.31357367529638
04/27/2021,85.26570048309178
04/26/2021,85.02415458937199
04/23/2021,84.67012423109396
04/22/2021,84.82518322720172
04/21/2021,84.71720818291216
04/20/2021,83.79484709848302
04/19/2021,84.20546132563454
04/16/2021,81.93579300431242
04/15/2021,80.8805934434075
04/14/2021,81.4176245210728
04/13/2021,82.08064900978287
04/12/2021,81.96330712413628
04/09/2021,82.23410576351753
04/08/2021,81.17114972625566
04/07/2021,80.63748810656517
04/06/2021,79.59256188558568
04/01/2021,79.30344746440758
03/31/2021,78.63849765258216
03/30/2021,76.69754896212034
03/29/2021,76.70588235294119
03/26/2021,78.31112159452766
03/25/2021,78.68080094228503
03/24/2021,79.99053366465508
03/23/2021,79.75314502729645
03/22/2021,80.90692124105013
03/19/2021,78.07664841704357
03/18/2021,77.10670804487944
03/17/2021,77.11531595858621
03/16/2021,77.05112960760998
03/15/2021,76.61097852028641
03/12/2021,76.67502687208885
03/11/2021,77.53050969131371
03/10/2021,77.05112960760998
03/09/2021,77.49910852252466
03/08/2021,77.80808919463884
03/05/2021,78.15106028115319
03/04/2021,77.80320366132723
03/03/2021,79.2174858108924
03/02/2021,78.4645098985997
03/01/2021,79.10285783190642
02/26/2021,79.37084089534179
02/25/2021,81.66259168704157
02/24/2021,80.80562970152874
02/23/2021,79.76653696498053
02/22/2021,80.89396331835296
02/19/2021,81.048289250182
02/18/2021,79.98066932463455
02/17/2021,81.58844765342961
02/16/2021,81.86001453136352
02/15/2021,81.048289250182
02/12/2021,79.50551448309297
02/11/2021,79.32080048514251
02/10/2021,80.07765105556904
02/09/2021,80.05804813157577
02/08/2021,79.43194126850403
02/05/2021,81.55900396968603
02/04/2021,81.91616766467067
02/03/2021,82.24119273776603
02/02/2021,81.77991581479255
02/01/2021,81.18883653497645
01/29/2021,80.11653313911144
01/28/2021,80.01939864209506
01/27/2021,79.83549050441513
01/26/2021,77.83994162004377
01/25/2021,76.4006791171477
01/22/2021,80.58429701765064
01/21/2021,81.12703424823901
01/20/2021,79.60319380595209
01/19/2021,78.7878787878788
01/18/2021,76.08695652173913
01/15/2021,76.65336718655543
01/14/2021,76.76424146726588
01/13/2021,76.81088964511424
01/12/2021,75.65069326198005
01/11/2021,75.10025519504192
01/08/2021,76.41440117560617
01/07/2021,74.101337259232
01/06/2021,74.91096647427239
01/05/2021,75.4021859265627
01/04/2021,76.08295496379924
12/31/2020,74.37308868501528
12/30/2020,73.48242811501598
12/29/2020,69.57373836354728
12/28/2020,66.46304215027489
12/24/2020,67.51157689495491
12/23/2020,67.0895340326909
12/22/2020,66.2445202143205
12/21/2020,66.47928632530856
12/18/2020,67.26183196771433
12/17/2020,66.11165523996083
12/16/2020,60.893922786505904
12/15/2020,60.05348893751519
12/14/2020,59.473237043330506
12/11/2020,58.13953488372093
12/10/2020,57.67599660729432
12/09/2020,58.581954342311874
12/08/2020,58.01138428000484
12/07/2020,54.96905715325809
12/04/2020,54.368932038834956
12/03/2020,53.462940461725395
12/02/2020,53.280173976078295
12/01/2020,52.796528447444544
11/30/2020,52.348512011473645
11/27/2020,53.20420851267336
11/26/2020,52.98249791641862
11/25/2020,52.39966654757651
11/24/2020,51.68726235741445
11/23/2020,50.5611340815121
11/20/2020,49.81024667931689
11/19/2020,49.028896257697774
11/18/2020,49.13946587537092
11/17/2020,48.415806336774644
11/16/2020,48.31261101243339
11/13/2020,46.83065279091769
11/12/2020,46.78086237448316
11/11/2020,47.16537285344625
11/10/2020,46.893456177651785
11/09/2020,47.96786389413989
11/06/2020,46.124583927722306
11/05/2020,45.66426120903821
11/04/2020,45.43325526932084
11/03/2020,45.52387656928312
11/02/2020,45.26413777053757
10/30/2020,45.56578487355786
10/29/2020,45.125932835820905
10/28/2020,45.497296026334354
10/27/2020,44.97041420118343
10/26/2020,44.90664145592059
10/23/2020,45.09943181818183
10/22/2020,44.48124926061753
10/21/2020,45.09850462853073
10/20/2020,43.05654128223326
10/19/2020,42.996819413358466
10/16/2020,41.471415182755386
10/15/2020,41.42288790077229
10/14/2020,41.51964243707363
10/13/2020,41.33395960544857
10/12/2020,42.63611668831936
10/09/2020,41.59281578636418
10/08/2020,41.128084606345475
10/07/2020,41.18616144975288
10/06/2020,41.131408367707714
10/05/2020,41.01355332940483
10/02/2020,41.115145835773696
10/01/2020,40.86905460951262
09/30/2020,39.57256928135275
09/29/2020,40.50246536745715
09/28/2020,40.209790209790214
09/25/2020,40.19983734169862
09/24/2020,40.535818287711116
09/23/2020,40.654205607476634
09/22/2020,40.5152224824356
09/21/2020,40.71814128138935
09/18/2020,41.40467433859295
09/17/2020,41.14447860014187
09/16/2020,40.98069406609025
09/15/2020,40.87193460490463
09/14/2020,41.206507540672135
09/11/2020,41.42992424242425
09/10/2020,42.65684410646388
09/09/2020,42.31678486997635
09/08/2020,42.22694031611229
09/07/2020,42.32178744532451
09/04/2020,42.22694031611229
09/03/2020,42.33179614520515
09/02/2020,42.35683861807856
09/01/2020,42.78713995458348
08/31/2020,42.67782426778243
08/28/2020,42.4646128226478
08/27/2020,42.10898796886058
08/26/2020,42.54816215577355
08/25/2020,42.57332071901608
08/24/2020,42.47787610619469
08/21/2020,42.407821887148074
08/20/2020,42.28855721393035
08/19/2020,42.71775345073774
08/18/2020,42.79413517701752
08/17/2020,42.59610821072615
08/14/2020,43.06672976810222
08/13/2020,42.70167967825881
08/12/2020,42.570754716981135
08/11/2020,42.49058380414313
08/10/2020,42.4655922832608
08/07/2020,42.55068363979255
08/06/2020,42.88083392561005
08/05/2020,42.96596048559867
08/04/2020,42.37288135593221
08/03/2020,42.28329809725158
07/31/2020,42.470128948302374
07/30/2020,42.87396937573616
07/29/2020,42.95633753089326
07/28/2020,42.77510840267198
07/27/2020,44.12803012473523
07/24/2020,43.847406373575254
07/23/2020,43.68482039397451
07/22/2020,43.700011591515015
07/21/2020,43.32835306286634
07/20/2020,43.8265247740016
07/17/2020,43.42857142857142
07/16/2020,43.895747599451305
07/15/2020,43.38890157570222
07/14/2020,42.625940278094376
07/13/2020,42.5048300943289
07/10/2020,42.312478787193115
07/09/2020,42.14689265536723
07/08/2020,42.213671344499765
07/07/2020,42.25033890646181
07/06/2020,42.406423159561236
07/03/2020,42.04609331084879
07/02/2020,42.60820685778527
07/01/2020,42.684987048090996
06/30/2020,42.65136169255008
06/29/2020,42.51490271060622
06/26/2020,42.25983634121735
06/25/2020,42.76094276094276
06/24/2020,42.92474087426769
06/23/2020,42.946175637393765
06/22/2020,42.5531914893617
06/19/2020,42.31501175416993
06/18/2020,42.66307398675199
06/17/2020,42.5364758698092
06/16/2020,42.21546774738264
06/15/2020,42.25352112676057
06/12/2020,42.58905494999438
06/11/2020,43.1564563880665
06/10/2020,43.78899602949519
06/09/2020,44.31818181818182
06/08/2020,44.25877836739302
06/05/2020,44.9298325033952
06/04/2020,45.65020389669234
06/03/2020,45.93441150044924
06/02/2020,45.86129753914989
06/01/2020,46.511627906976734
05/29/2020,46.80377987770984
05/28/2020,46.545052515201775
05/27/2020,45.57434658466945
05/26/2020,46.24848950895309
05/25/2020,45.54865424430641
05/22/2020,45.53376906318083
05/21/2020,45.763082986643305
05/20/2020,45.94921402660218
05/19/2020,45.69304766069086
05/18/2020,45.43968617195162
05/15/2020,45.02164502164502
05/14/2020,44.84062668827661
05/13/2020,44.848878778030546
05/12/2020,44.886425388544716
05/11/2020,44.879420352546774
05/08/2020,45.15358732226202
05/07/2020,45.29278550630864
05/06/2020,45.36616979909268
05/05/2020,45.31165311653117
05/04/2020,45.48925493618414
04/30/2020,45.61864128651133
04/29/2020,45.91836734693877
04/28/2020,45.415131151094734
04/27/2020,45.29201430274136
04/24/2020,44.80673720578709
04/23/2020,46.02057390362751
04/22/2020,46.03054261886711
04/21/2020,45.642251684416436
04/20/2020,45.89949967370024
04/17/2020,46.023283647046014
04/16/2020,45.16408534604138
04/15/2020,43.51145038167939
04/14/2020,42.75378206533655
04/09/2020,40.349917987971565
04/08/2020,38.06002609830362
04/07/2020,38.11805706817687
04/06/2020,37.85011355034065
04/03/2020,37.7602761894487
04/02/2020,37.96366800826716
04/01/2020,38.16293056314926
03/31/2020,38.46153846153846
03/30/2020,38.61429832303619
03/27/2020,38.806963077946556
03/26/2020,38.57599470957786
03/25/2020,37.92393542095569
03/24/2020,37.46086581021268
03/23/2020,36.8381484265922
03/20/2020,35.423801369863014
03/19/2020,34.589847933176266
03/18/2020,34.99837468848196
03/17/2020,35.14552443712246
03/16/2020,35.71030018971097
03/13/2020,37.656440358843724
03/12/2020,36.51654310058648
03/11/2020,39.22010593936662
03/10/2020,39.29784824462062
03/09/2020,39.89483310470965