Pricing Date,KOA | Share Price (Daily)($)
03/07/2025,0.14072388884841566
03/06/2025,0.14046523116853432
03/05/2025,0.12792478533591434
03/04/2025,0.12417949646641531
03/03/2025,0.1285881842344071
02/28/2025,0.12681721690457493
02/27/2025,0.12940910876586728
02/26/2025,0.13435850549513714
02/25/2025,0.1363054392703523
02/24/2025,0.1373067717612338
02/21/2025,0.13555409534271007
02/20/2025,0.12944669627759844
02/19/2025,0.13193902801325852
02/18/2025,0.13140722416600392
02/17/2025,0.1312944570866138
02/14/2025,0.13237173224170176
02/13/2025,0.13149043966109455
02/12/2025,0.1325969593106376
02/11/2025,0.13481709516479828
02/10/2025,0.13673785603610164
02/07/2025,0.13734750517940464
02/06/2025,0.13825324605242387
02/05/2025,0.13467725176351386
02/04/2025,0.13463282764508155
02/03/2025,0.13476083899150462
01/31/2025,0.15015918999033173
01/30/2025,0.1462628511859701
01/29/2025,0.14575594291963498
01/28/2025,0.14633930546339302
01/27/2025,0.14757204818076064
01/24/2025,0.15041027087278247
01/23/2025,0.14818570007994228
01/22/2025,0.14773956689072948
01/21/2025,0.14981008432344473
01/20/2025,0.14845487634504093
01/17/2025,0.14707912515092483
01/16/2025,0.14790398918187964
01/15/2025,0.15442993293328627
01/14/2025,0.1501116620082307
01/13/2025,0.14605537206647437
01/10/2025,0.14881845975505004
01/09/2025,0.1531177349098789
01/08/2025,0.15373113528778135
01/07/2025,0.1561461369048748
01/06/2025,0.15780701443313594
01/03/2025,0.16755469482804544
01/02/2025,0.17076403730456344
12/30/2024,0.1700521762985603
12/27/2024,0.17362472909694868
12/23/2024,0.18249667768096417
12/20/2024,0.161392263192455
12/19/2024,0.1660411631297444
12/18/2024,0.16551311735947846
12/17/2024,0.15468773417260795
12/16/2024,0.14964646916674124
12/13/2024,0.14902007198153655
12/12/2024,0.14544449003301232
12/11/2024,0.14088243307188233
12/10/2024,0.14324402963360863
12/09/2024,0.14550332521074996
12/06/2024,0.13988877136715683
12/05/2024,0.13915315623425142
12/04/2024,0.14013562155042933
12/03/2024,0.13286418117251286
12/02/2024,0.13231389313855385
11/29/2024,0.1356706062395816
11/28/2024,0.12930621338961318
11/27/2024,0.124885912832886
11/26/2024,0.12267525035765382
11/25/2024,0.126077398915194
11/22/2024,0.1284322807522462
11/21/2024,0.12947788988961872
11/20/2024,0.12734033012754806
11/19/2024,0.13292036977354377
11/18/2024,0.1349279584313221
11/15/2024,0.12927594636853754
11/14/2024,0.12505695685715446
11/13/2024,0.12494707727212664
11/12/2024,0.12624623064825635
11/11/2024,0.12713429873300347
11/08/2024,0.12781014384087638
11/07/2024,0.1320575748924845
11/06/2024,0.12577434347961225
11/05/2024,0.12522361359570663
11/04/2024,0.1255469936953575
11/01/2024,0.12489914168042744
10/31/2024,0.12704266455654847
10/30/2024,0.14385310918049368
10/29/2024,0.13986740861433705
10/28/2024,0.13939590256117224
10/25/2024,0.13815111719423318
10/24/2024,0.1394135143519279
10/23/2024,0.13940153541352612
10/22/2024,0.14176372040819882
10/21/2024,0.14043355668956162
10/18/2024,0.14262074766184255
10/17/2024,0.14274067587710026
10/16/2024,0.14408298594138186
10/15/2024,0.1429178915451033
10/14/2024,0.14605602397691275
10/11/2024,0.14576210689781796
10/10/2024,0.14018678539413804
10/09/2024,0.1380249429462845
10/08/2024,0.13895537595252422
10/07/2024,0.13962249239320856
10/04/2024,0.14127954356415542
10/03/2024,0.14528236908120193
10/02/2024,0.14400181419608438
10/01/2024,0.1440912678617063
09/30/2024,0.15061599663440675
09/27/2024,0.15255530129672007
09/26/2024,0.14443057437318274
09/25/2024,0.14766577048601587
09/24/2024,0.15047899284505936
09/23/2024,0.1521089834113306
09/20/2024,0.15917706028997167
09/19/2024,0.15534062004732646
09/18/2024,0.15312517132060063
09/17/2024,0.16154448606773167
09/16/2024,0.1709487087906651
09/13/2024,0.1732437927237607
09/12/2024,0.17289583815018167
09/11/2024,0.1495285161731735
09/10/2024,0.14922620035784778
09/09/2024,0.1319990855929266
09/06/2024,0.1354574964685632
09/05/2024,0.13320463139370503
09/04/2024,0.12451215498189684
09/03/2024,0.12380542724093434
09/02/2024,0.1302736028864099
08/30/2024,0.13192114884474765
08/29/2024,0.13126605155521734
08/28/2024,0.13075234058125706
08/27/2024,0.13197764974736115
08/26/2024,0.1326884308596464
08/23/2024,0.1344881998066732
08/22/2024,0.12876610166291416
08/21/2024,0.128712031142591
08/20/2024,0.13216404338179982
08/19/2024,0.13336763687681372
08/16/2024,0.13032360281461744
08/15/2024,0.1315763688841484
08/14/2024,0.13248874874856142
08/13/2024,0.1320665823320139
08/12/2024,0.13375804449820328
08/09/2024,0.13315911682215767
08/08/2024,0.1313880046253
08/07/2024,0.14782529467438457
08/06/2024,0.14183110554048373
08/05/2024,0.13888788289234472
08/02/2024,0.14706995950102045
08/01/2024,0.14895743536703898
07/31/2024,0.1504744888993029
07/30/2024,0.15048497700822747
07/29/2024,0.1529241052757907
07/26/2024,0.15108521078926151
07/25/2024,0.14906859331476321
07/24/2024,0.15242490030612155
07/23/2024,0.1522213443319295
07/22/2024,0.1566387509698853
07/19/2024,0.15779020324662515
07/18/2024,0.16021406379078712
07/17/2024,0.16071391991120695
07/16/2024,0.15302699015846322
07/15/2024,0.15016615607083766
07/12/2024,0.1504000716546247
07/11/2024,0.14430997708402368
07/10/2024,0.1413320687504901
07/09/2024,0.14279586399963878
07/08/2024,0.145476942376961
07/05/2024,0.14709687447575415
07/04/2024,0.14615938756944702
07/03/2024,0.1466864146177851
07/02/2024,0.14735003674401298
07/01/2024,0.1477452003876205
06/28/2024,0.147891930036607
06/27/2024,0.14681451869963213
06/26/2024,0.1443339111681874
06/25/2024,0.14498081690751582
06/24/2024,0.147088269093718
06/21/2024,0.14586996221930187
06/20/2024,0.1495168215911398
06/19/2024,0.15180610461182026
06/18/2024,0.15135102492196553
06/17/2024,0.15049162154254847
06/14/2024,0.14987524429571264
06/13/2024,0.15262288911562263
06/12/2024,0.1541931983666943
06/11/2024,0.14922787151871497
06/10/2024,0.1553100486912927
06/07/2024,0.15341693715511556
06/06/2024,0.1500372255033011
06/05/2024,0.154800076644916
06/04/2024,0.15884737320339365
06/03/2024,0.16470875975450366
05/31/2024,0.1634078624101994
05/30/2024,0.1614209607684322
05/29/2024,0.15702358948358158
05/28/2024,0.16316778323684805
05/27/2024,0.15645456052657153
05/24/2024,0.15363380851967584
05/23/2024,0.1541513984269806
05/22/2024,0.15570595902799808
05/21/2024,0.15595813498813912
05/16/2024,0.16239682008712245
05/15/2024,0.16166668068400894
05/14/2024,0.16026855612264704
05/13/2024,0.15721469504782948
05/10/2024,0.16263940520446096
05/08/2024,0.15537421430084813
05/07/2024,0.162098410846794
05/06/2024,0.16541696243871865
05/03/2024,0.16805792556380575
05/02/2024,0.16130185623858914
04/30/2024,0.16221977347038316
04/29/2024,0.15481129303813068
04/26/2024,0.1537508692628651
04/25/2024,0.13651790159243582
04/24/2024,0.13783923362840872
04/23/2024,0.13667813579805302
04/22/2024,0.1355986280609396
04/19/2024,0.13605837612784039
04/18/2024,0.13737846678734922
04/17/2024,0.13502088292783268
04/16/2024,0.13661961183635885
04/15/2024,0.1441967655331351
04/12/2024,0.14892087386475344
04/11/2024,0.14793198436515126
04/10/2024,0.1418999254471095
04/09/2024,0.14139741851388504
04/08/2024,0.14026425786181165
04/05/2024,0.1416759330804915
04/04/2024,0.14440716835687276
04/03/2024,0.1416622008900487
04/02/2024,0.13951660081458503
03/27/2024,0.13941975443595678
03/26/2024,0.13964127088451575
03/25/2024,0.1406467133870269
03/22/2024,0.13952034764750093
03/21/2024,0.13877818931970556
03/20/2024,0.14106728712495858
03/19/2024,0.1418339791006223
03/18/2024,0.14402232299093548
03/15/2024,0.1444660179526374
03/14/2024,0.14348616410495532
03/13/2024,0.1451065674086831
03/12/2024,0.1417921772449638
03/11/2024,0.1553945827057783
03/08/2024,0.15703427092877847
03/07/2024,0.15961868124062972
03/06/2024,0.15628307546784803
03/05/2024,0.1533260953049217
03/04/2024,0.15617921944507096
03/01/2024,0.16067887775490203
02/29/2024,0.16059316805580542
02/28/2024,0.16232800455538274
02/27/2024,0.16352398462627502
02/26/2024,0.16442175654548846
02/23/2024,0.16248434000227782
02/22/2024,0.16454141926009622
02/21/2024,0.16224104383655716
02/20/2024,0.1639843422633848
02/19/2024,0.16798704099969433
02/16/2024,0.17225840283150942
02/15/2024,0.16968518708005045
02/14/2024,0.1703998874699912
02/13/2024,0.1665150123690839
02/12/2024,0.1728557463589403
02/09/2024,0.1678023946878989
02/08/2024,0.16179614439222853
02/07/2024,0.16345356187824034
02/06/2024,0.16537637950914183
02/05/2024,0.1623246380813601
02/02/2024,0.16660642479555415
02/01/2024,0.17215335555182582
01/31/2024,0.17106839291386497
01/30/2024,0.1701579314148823
01/29/2024,0.17314741828589797
01/26/2024,0.17976280149421223
01/25/2024,0.17876480396032798
01/24/2024,0.18253817077034556
01/23/2024,0.18417884715434188
01/22/2024,0.18160769498292068
01/19/2024,0.1800765372822134
01/18/2024,0.17387685528029803
01/17/2024,0.17181266154899083
01/16/2024,0.17588163300067655
01/15/2024,0.17544029136999933
01/12/2024,0.1851992572545306
01/11/2024,0.18545492479416437
01/10/2024,0.18441936384009391
01/09/2024,0.18825301204819278
01/08/2024,0.18768714434733605
01/05/2024,0.19172450842614616
01/04/2024,0.19116302809999475
01/03/2024,0.19142841137598587
01/02/2024,0.198257350832177
12/29/2023,0.20216344470731168
12/28/2023,0.2009176090214171
12/27/2023,0.20458204186781417
12/26/2023,0.194549093477749
12/25/2023,0.1942835756407782
12/22/2023,0.1941213439501295
12/21/2023,0.19675375780196833
12/20/2023,0.19073572128499938
12/19/2023,0.1895022569767521
12/18/2023,0.18816583977539325
12/15/2023,0.19102517161594068
12/14/2023,0.18796435086296204
12/13/2023,0.17318892688737503
12/12/2023,0.17575524670390613
12/11/2023,0.1789097799154642
12/08/2023,0.1826373493379396
12/07/2023,0.18384380630216568
12/06/2023,0.18450369875112915
12/05/2023,0.1813439233299873
12/04/2023,0.17576799362587422
12/01/2023,0.18326521429374928
11/30/2023,0.1846557562024384
11/29/2023,0.18809065481989332
11/28/2023,0.1892961138787357
11/27/2023,0.1879067765284972
11/24/2023,0.19261463141881247
11/23/2023,0.19618024431499934
11/22/2023,0.19209377584675472
11/21/2023,0.2009867303718911
11/20/2023,0.2033695097002027
11/17/2023,0.19896684622810443
11/16/2023,0.19118062727370022
11/15/2023,0.19473817452435202
11/14/2023,0.18646174191533577
11/13/2023,0.1791350106119003
11/10/2023,0.17846205170377452
11/09/2023,0.18101076627591467
11/08/2023,0.18318720694966467
11/07/2023,0.1815406859988754
11/06/2023,0.18683587103608656
11/03/2023,0.1864049389156993
11/02/2023,0.18079819452168952
11/01/2023,0.1754120267260579
10/31/2023,0.17745720991470604
10/30/2023,0.17754749753879037
10/27/2023,0.1781833712831083
10/26/2023,0.1749981993325526
10/25/2023,0.17318002036253188
10/24/2023,0.17818459136899947
10/23/2023,0.18327754732790896
10/20/2023,0.193332650840689
10/19/2023,0.197117943445103
10/18/2023,0.19406213240674994
10/17/2023,0.19792263322838263
10/16/2023,0.19896879716145155
10/13/2023,0.1979370760771608
10/12/2023,0.20356875192272056
10/11/2023,0.2054712478462375
10/10/2023,0.2052306070943229
10/09/2023,0.2019177568470533
10/06/2023,0.1989925999626889
10/05/2023,0.19914178076399516
10/04/2023,0.19741163327650546
10/03/2023,0.2027496787673402
10/02/2023,0.20830095973834734
09/29/2023,0.2100438466529888
09/28/2023,0.20323478932103736
09/27/2023,0.20543374109383217
09/26/2023,0.20546127535786968
09/25/2023,0.2046940703554823
09/22/2023,0.20896576857367347
09/21/2023,0.2085629677228843
09/20/2023,0.21137855825245438
09/19/2023,0.21064765322153328
09/18/2023,0.20958377884556584
09/15/2023,0.2084153270864561
09/14/2023,0.21473299696183593
09/13/2023,0.21992715847939817
09/12/2023,0.22285291052455639
09/11/2023,0.21956018529378374
09/08/2023,0.20929702642562503
09/07/2023,0.21105057842973518
09/06/2023,0.2110330421307073
09/05/2023,0.21067880524608865
09/04/2023,0.20933255552658583
09/01/2023,0.21229831191924795
08/31/2023,0.21708043712789057
08/30/2023,0.22106704596320786
08/29/2023,0.21676164859067357
08/28/2023,0.2107727027918531
08/25/2023,0.20948698074790398
08/24/2023,0.2107174921249951
08/23/2023,0.21470624795181537
08/22/2023,0.21037934142610096
08/21/2023,0.21072396853439598
08/18/2023,0.2078459008691567
08/17/2023,0.20974986997021136
08/16/2023,0.21199235841498743
08/15/2023,0.2141348020491405
08/14/2023,0.21362234130468225
08/11/2023,0.21403091557669446
08/10/2023,0.2187640029507703
08/09/2023,0.22475533427469988
08/08/2023,0.22565297601708903
08/07/2023,0.2437185670174424
08/04/2023,0.2464880403804825
08/03/2023,0.2421826170394447
08/02/2023,0.24484660136775707
08/01/2023,0.2495313952931261
07/31/2023,0.2511353576005086
07/28/2023,0.24991316993210036
07/27/2023,0.25069954054867666
07/26/2023,0.2518214026432345
07/25/2023,0.2507375946831737
07/24/2023,0.2580084329063956
07/21/2023,0.25361977837990457
07/20/2023,0.25723306350055797
07/19/2023,0.25627571842327707
07/18/2023,0.25547815602074864
07/17/2023,0.25139639725020224
07/14/2023,0.25340684198473357
07/13/2023,0.2565081700751131
07/12/2023,0.25201832428601406
07/11/2023,0.2422265588521003
07/10/2023,0.2356126641806997
07/07/2023,0.237233629938131
07/06/2023,0.2281694862204706
07/05/2023,0.23429161985058278
07/04/2023,0.23136208071505754
07/03/2023,0.23071759904123187
06/30/2023,0.2289322187114307
06/29/2023,0.22788032392354338
06/28/2023,0.2262088674247169
06/27/2023,0.22561679897338782
06/26/2023,0.2292837124543253
06/23/2023,0.22625724529044627
06/22/2023,0.23093106867057056
06/21/2023,0.2347069106796316
06/20/2023,0.23141232033997383
06/19/2023,0.23549777710332112
06/16/2023,0.2423534412531945
06/15/2023,0.24269881077582717
06/14/2023,0.2425580294957391
06/13/2023,0.24217328447282216
06/12/2023,0.23606209878476195
06/09/2023,0.24194306335279114
06/08/2023,0.2366085616293659
06/07/2023,0.23802423568931402
06/06/2023,0.23906817499574057
06/05/2023,0.2339143141608754
06/02/2023,0.23579019210819846
06/01/2023,0.2327433859832551
05/31/2023,0.2266767133130907
05/30/2023,0.22917221139573554
05/26/2023,0.2354495852139103
05/25/2023,0.2391251852903644
05/24/2023,0.24254768142484442
05/23/2023,0.24552663452089857
05/22/2023,0.2434625623563213
05/19/2023,0.24149539252211633
05/16/2023,0.24150889828608996
05/15/2023,0.2472022652990526
05/12/2023,0.2399756844590961
05/11/2023,0.23561902562615053
05/10/2023,0.24469851619390023
05/09/2023,0.21961946486183062
05/08/2023,0.2469451266952449
05/05/2023,0.24506928174829962
05/04/2023,0.23560614103215974
05/03/2023,0.23404881244820439
05/02/2023,0.24007917622717145
05/01/2023,0.2441034686135407
04/28/2023,0.24618132793435665
04/27/2023,0.24440362694982393
04/26/2023,0.24007614650482081
04/25/2023,0.23927485643508614
04/24/2023,0.2427386520153173
04/21/2023,0.24262461299250082
04/20/2023,0.24017945483795441
04/19/2023,0.24314487555618208
04/18/2023,0.2556626017968992
04/17/2023,0.2520271960256075
04/14/2023,0.2507096872185164
04/13/2023,0.24791729106712102
04/12/2023,0.24457989721525036
04/11/2023,0.23721339471269298
04/10/2023,0.23003100294086662
04/07/2023,0.23087781191840032
04/06/2023,0.23208676061840017
04/05/2023,0.23232343562656882
04/04/2023,0.23630999133012237
04/03/2023,0.23611765915630137
03/31/2023,0.2290659444142231
03/30/2023,0.22568763600852
03/29/2023,0.21971310538738836
03/28/2023,0.21226653813712495
03/27/2023,0.20930841566480177
03/24/2023,0.20830479842943891
03/23/2023,0.21883537637937162
03/22/2023,0.21189531875368936
03/21/2023,0.2132804524199748
03/20/2023,0.21178829799307608
03/17/2023,0.21558162555288446
03/16/2023,0.21569491132491017
03/15/2023,0.2188018014188853
03/14/2023,0.2420422456520463
03/13/2023,0.2898858467832909
03/10/2023,0.30363369087711045
03/09/2023,0.290189234223899
03/08/2023,0.2943826523030505
03/07/2023,0.2904142668586513
03/06/2023,0.29868601160236036
03/03/2023,0.29958512348063093
03/02/2023,0.30299956167467074
03/01/2023,0.3022622076581745
02/28/2023,0.30288778829982216
02/27/2023,0.2994557892695652
02/24/2023,0.2950287084887193
02/23/2023,0.30232411664672165
02/22/2023,0.29970484787605745
02/21/2023,0.30630018391641683
02/20/2023,0.30653588063086185
02/17/2023,0.30619715145622795
02/16/2023,0.3041208670472247
02/15/2023,0.29987526361184613
02/14/2023,0.2981916594907122
02/13/2023,0.3007021989837453
02/10/2023,0.29563946560359883
02/09/2023,0.3014034281929494
02/08/2023,0.29914914929460673
02/07/2023,0.2832184404104548
02/06/2023,0.27925744226889415
02/03/2023,0.27970403730436955
02/02/2023,0.27566589293775945
02/01/2023,0.26639052851480266
01/31/2023,0.25959339708082524
01/30/2023,0.25613935267513827
01/27/2023,0.26039848859618503
01/26/2023,0.2600129198966408
01/25/2023,0.26052231301131784
01/24/2023,0.2636308194372426
01/23/2023,0.2609534177762284
01/20/2023,0.2600777602143769
01/19/2023,0.2565700769609536
01/18/2023,0.25661581308801457
01/17/2023,0.26107966983962244
01/16/2023,0.26105654206079204
01/13/2023,0.26197737284235334
01/12/2023,0.25984803925518285
01/11/2023,0.25928971424112746
01/10/2023,0.2586065294643179
01/09/2023,0.2662953933328875
01/06/2023,0.26212633770776206
01/05/2023,0.25750093392857665
01/04/2023,0.26196774806741857
01/03/2023,0.26154502502578153
01/02/2023,0.2633328711682891
12/30/2022,0.2557848484018015
12/29/2022,0.2536128197842269
12/28/2022,0.24880024677748055
12/27/2022,0.2501019160211986
12/26/2022,0.24736151103589488
12/23/2022,0.24682908655014335
12/22/2022,0.2448892782450615
12/21/2022,0.24764760152282975
12/20/2022,0.2444765841053912
12/19/2022,0.24568511727578207
12/16/2022,0.2459160372387142
12/15/2022,0.25213763342113793
12/14/2022,0.25571747118817295
12/13/2022,0.25692272547069206
12/12/2022,0.24860174021218148
12/09/2022,0.2553440726276369
12/08/2022,0.2503891046686551
12/07/2022,0.24934775248451538
12/06/2022,0.25633471421385007
12/05/2022,0.2597808918740254
12/02/2022,0.26591951095262356
12/01/2022,0.2686910380983807
11/30/2022,0.26329160700263293
11/29/2022,0.26335586910933567
11/28/2022,0.25966297909172054
11/25/2022,0.2624257691179297
11/24/2022,0.26024539728779916
11/23/2022,0.25580600442448165
11/22/2022,0.2521414789476639
11/21/2022,0.24601847470488958
11/18/2022,0.24940402665554706
11/17/2022,0.24426646858090617
11/16/2022,0.24988655150561645
11/15/2022,0.2611763382273761
11/14/2022,0.2613287407670838
11/11/2022,0.261577155192377
11/10/2022,0.25848263387682485
11/09/2022,0.25173942258722287
11/08/2022,0.25321151700197564
11/07/2022,0.26593925798843626
11/04/2022,0.2645785710811731
11/03/2022,0.26087853068065836
11/02/2022,0.2676568750626267
11/01/2022,0.26526299137557674
10/31/2022,0.26286291583479665
10/28/2022,0.2607798670215849
10/27/2022,0.2590777418979546
10/26/2022,0.25462321617413497
10/25/2022,0.2459146820708909
10/24/2022,0.24565823297064068
10/21/2022,0.2411471498429047
10/20/2022,0.24405494452479762
10/19/2022,0.24353166147214134
10/18/2022,0.24333055636184062
10/17/2022,0.2341884847530971
10/14/2022,0.23042338656757275
10/13/2022,0.22963909143613986
10/12/2022,0.21977940315865546
10/11/2022,0.22261690655879457
10/10/2022,0.2218660486067952
10/07/2022,0.21971300340733405
10/06/2022,0.20954775426207178
10/05/2022,0.20802693798102695
10/04/2022,0.21364400493729577
10/03/2022,0.20495216846881076
09/30/2022,0.19997458886439845
09/29/2022,0.1980465493229994
09/28/2022,0.2019492085686548
09/27/2022,0.20755819174414608
09/26/2022,0.2080198241591138
09/23/2022,0.21205023116874044
09/22/2022,0.22526909006830026
09/21/2022,0.2270942217998817
09/20/2022,0.2313704630606592
09/19/2022,0.22805750557717555
09/16/2022,0.2374177877245993
09/15/2022,0.24446816837153643
09/14/2022,0.24460168052247713
09/13/2022,0.2452852110892749
09/12/2022,0.25473822242326594
09/09/2022,0.24972966109125214
09/08/2022,0.24005813814958663
09/07/2022,0.23647608792447905
09/06/2022,0.23758546032932265
09/05/2022,0.2426458634800916
09/02/2022,0.24750983409608684
09/01/2022,0.24509049380570516
08/31/2022,0.256954473843831
08/30/2022,0.26010961762457036
08/29/2022,0.2643412830388182
08/26/2022,0.2678288365811783
08/25/2022,0.27034110443627696
08/24/2022,0.2704066730587227
08/23/2022,0.26684291221713674
08/22/2022,0.25986444414893883
08/19/2022,0.27042736088592495
08/18/2022,0.2718367987705375
08/17/2022,0.26874971705140815
08/16/2022,0.27486039984955013
08/15/2022,0.26981784201422737
08/12/2022,0.27041378943404026
08/11/2022,0.2719915015803064
08/10/2022,0.27231826961190964
08/09/2022,0.2719659888104834
08/08/2022,0.289490764111387
08/05/2022,0.28414403134933863
08/04/2022,0.28541039550899555
08/03/2022,0.28797947402180885
08/02/2022,0.2866095366547691
08/01/2022,0.2867508815300594
07/29/2022,0.2861490433634599
07/28/2022,0.28332674354525134
07/27/2022,0.2842639181043379
07/26/2022,0.28106716616201877
07/25/2022,0.2845784656105598
07/22/2022,0.279417520386383
07/21/2022,0.278441608390908
07/20/2022,0.27765500060272424
07/19/2022,0.28130132614922687
07/18/2022,0.26703198816549223
07/15/2022,0.2560627787144861
07/14/2022,0.24603909179652336
07/13/2022,0.2487669810504456
07/12/2022,0.24862135731967352
07/11/2022,0.2492865940629291
07/08/2022,0.24936022029466598
07/07/2022,0.2425962556140024
07/06/2022,0.232352126790555
07/05/2022,0.23435613423222637
07/04/2022,0.24523312880321968
07/01/2022,0.24159145360200013
06/30/2022,0.24131362065579806
06/29/2022,0.25082494888353546
06/28/2022,0.25902492275543104
06/27/2022,0.25188787917573274
06/24/2022,0.24684702577707157
06/23/2022,0.23981971342146804
06/22/2022,0.24202891810849447
06/21/2022,0.24561660979775868
06/20/2022,0.24017352385345975
06/17/2022,0.2299652957836372
06/16/2022,0.22871319365515644
06/15/2022,0.23750998371617155
06/14/2022,0.2414048359098208
06/13/2022,0.2442152892102898
06/10/2022,0.2707126147945477
06/09/2022,0.283381575174602
06/08/2022,0.28361037276322987
06/07/2022,0.2788944564720167
06/06/2022,0.27890627984870286
06/03/2022,0.2782713293703317
06/02/2022,0.27772516487936516
06/01/2022,0.2880355363578826
05/31/2022,0.292952196981569
05/30/2022,0.29495637369653116
05/27/2022,0.2922533874824458
05/25/2022,0.2853185797336402
05/24/2022,0.2872868281699537
05/23/2022,0.29243359320487633
05/20/2022,0.28052960713569036
05/19/2022,0.28176184631303186
05/18/2022,0.2743937581030313
05/17/2022,0.27185654243959717
05/16/2022,0.2675080455841846
05/13/2022,0.2726506635249456
05/12/2022,0.23608888888888888
05/11/2022,0.2449093473734248
05/10/2022,0.23971259201596437
05/09/2022,0.24287084091442732
05/06/2022,0.2562466761706514
05/05/2022,0.2555500636246043
05/04/2022,0.2598503517564393
05/03/2022,0.2620296647405001
05/02/2022,0.2566713983419788
04/29/2022,0.2660037582378373
04/28/2022,0.25795329385285803
04/27/2022,0.2594446389982661
04/26/2022,0.2662515828320806
04/25/2022,0.2744395402700695
04/22/2022,0.2931339693900059
04/21/2022,0.3018258769906943
04/20/2022,0.29210586734983823
04/19/2022,0.28671511736620997
04/18/2022,0.278815654313741
04/15/2022,0.28042943169329426
04/14/2022,0.28041351343373727
04/13/2022,0.280981638361843
04/12/2022,0.2795446304898093
04/11/2022,0.27998790961299397
04/08/2022,0.28683145324876774
04/07/2022,0.2787385323701847
04/06/2022,0.28336038516951473
04/05/2022,0.2862866625713998
04/04/2022,0.2884281698945341
04/01/2022,0.28854069001497046
03/31/2022,0.2888919338631588
03/30/2022,0.3000038462031564
03/29/2022,0.303660786654628
03/28/2022,0.292574992404744
03/25/2022,0.2903230292803234
03/24/2022,0.28447469005168496
03/23/2022,0.2845136401212455
03/22/2022,0.28252769477443335
03/21/2022,0.2832815759298864
03/18/2022,0.28792497497794856
03/17/2022,0.28555078879139206
03/16/2022,0.2844007797760442
03/15/2022,0.279712834072173
03/14/2022,0.3247042078106929
03/11/2022,0.29906071545124757
03/10/2022,0.2942333394422418
03/09/2022,0.2907241459556628
03/08/2022,0.28295300040421856
03/07/2022,0.29014395476276333
03/04/2022,0.31006164506288597
03/03/2022,0.3117003641547944
03/02/2022,0.31976760551486527
03/01/2022,0.32007357184073854
02/28/2022,0.30964076221360787
02/25/2022,0.3117238668668024
02/24/2022,0.28251897276278354
02/23/2022,0.29807299411395893
02/22/2022,0.3040999430094181
02/21/2022,0.29735719615551665
02/18/2022,0.30862410652653144
02/17/2022,0.31871079240031874
02/16/2022,0.32793863763568853
02/15/2022,0.3137046122327951
02/14/2022,0.31232379029398954
02/11/2022,0.3284221531538187
02/10/2022,0.3319260279137792
02/09/2022,0.32831075084180056
02/08/2022,0.3214888293664939
02/07/2022,0.32331548647027153
02/04/2022,0.3279699660536291
02/03/2022,0.3269426395520405
02/02/2022,0.3260081694879494
02/01/2022,0.3217458128969555
01/31/2022,0.31114608084649636
01/28/2022,0.30767174998747265
01/27/2022,0.3120443766653819
01/26/2022,0.31570168498036577
01/25/2022,0.3010586149295168
01/24/2022,0.2890106151559915
01/21/2022,0.31179240602249864
01/20/2022,0.3218284701094811
01/19/2022,0.3185600310456211
01/18/2022,0.3218071179236228
01/17/2022,0.3332270371585427
01/14/2022,0.336898181755826
01/13/2022,0.3464126000087641
01/12/2022,0.33708938450401593
01/11/2022,0.3342077184009901
01/10/2022,0.32701849345963013
01/07/2022,0.3388184272048609
01/06/2022,0.348784144989895
01/05/2022,0.3522274240048326
01/04/2022,0.35517138572177154
01/03/2022,0.3480423462784812
12/30/2021,0.34393555351489646
12/29/2021,0.3426614013724665
12/28/2021,0.34215432182967304
12/27/2021,0.3438225604149395
12/23/2021,0.34600276349919606
12/22/2021,0.34308564127438573
12/21/2021,0.3351469473308656
12/20/2021,0.32222311851423757
12/17/2021,0.3225444456913151
12/16/2021,0.3284266027774871
12/15/2021,0.3157110814589592
12/14/2021,0.3175471733357067
12/13/2021,0.33007816595284006
12/10/2021,0.3476164163359622
12/09/2021,0.3394930237511983
12/08/2021,0.3702588378330458
12/07/2021,0.3446021366438739
12/06/2021,0.3399099715699695
12/03/2021,0.33020924149956404
12/02/2021,0.3171904231368637
12/01/2021,0.3191693181050512
11/30/2021,0.3103842115483993
11/29/2021,0.31617865418732477
11/26/2021,0.3112818211416453
11/25/2021,0.33251470953007717
11/24/2021,0.3352565276221013
11/23/2021,0.3278073629194733
11/22/2021,0.33461217043513075
11/19/2021,0.3282998532120848
11/18/2021,0.33295847192446604
11/17/2021,0.3415476104803713
11/16/2021,0.33966728671246815
11/15/2021,0.3452530013994255
11/12/2021,0.33633694511603046
11/11/2021,0.3321396463716802
11/10/2021,0.331163600638814
11/09/2021,0.33494538246334227
11/08/2021,0.3365741127029698
11/05/2021,0.33916352118283427
11/04/2021,0.3353819816263924
11/03/2021,0.3398358144043964
11/02/2021,0.3472915252884116
11/01/2021,0.36420333495994955
10/29/2021,0.35474327229384095
10/28/2021,0.28149833010482933
10/27/2021,0.27578533440160524
10/26/2021,0.2785428666464061
10/25/2021,0.27679289301295656
10/22/2021,0.2809512428298279
10/21/2021,0.28937735957532434
10/20/2021,0.2817804696819769
10/19/2021,0.2792410102468165
10/18/2021,0.2783926059303437
10/15/2021,0.285369607720787
10/14/2021,0.2817390564753912
10/13/2021,0.2781347369162251
10/12/2021,0.28067910308992605
10/11/2021,0.2820999840938649
10/08/2021,0.2866388841440729
10/07/2021,0.2711103839951387
10/06/2021,0.2663443598040616
10/05/2021,0.27399801134262547
10/04/2021,0.27283842794759827
10/01/2021,0.27732097300572917
09/30/2021,0.2779452453597471
09/29/2021,0.27972987654603365
09/28/2021,0.2738176319161462
09/27/2021,0.28076759418793645
09/24/2021,0.2855483945886315
09/23/2021,0.2820821861602553
09/22/2021,0.27035929602197206
09/21/2021,0.2541477253778579
09/20/2021,0.2606619826393835
09/17/2021,0.2682382425500255
09/16/2021,0.2666885725392918
09/15/2021,0.2828208467385911
09/14/2021,0.2662532165499103
09/13/2021,0.27013314366866753
09/10/2021,0.2671446744535677
09/09/2021,0.27171122692329436
09/08/2021,0.27364505540021594
09/07/2021,0.2799078032075361
09/06/2021,0.28805958454894476
09/03/2021,0.28951946464295486
09/02/2021,0.2934789395905171
09/01/2021,0.2856093209983888
08/31/2021,0.2853826172907616
08/30/2021,0.2927532315452867
08/27/2021,0.2959971166883106
08/26/2021,0.2989012286395737
08/25/2021,0.29958384216560524
08/24/2021,0.299712506802648
08/23/2021,0.29585898322718357
08/20/2021,0.2888504394155287
08/19/2021,0.29004693305304335
08/18/2021,0.29207772862384207
08/17/2021,0.2954828993065312
08/16/2021,0.3000023782747995
08/13/2021,0.3068193591061595
08/12/2021,0.30970814614967984
08/11/2021,0.3137780364397585
08/10/2021,0.30143652644791996
08/09/2021,0.30543684298329393
08/06/2021,0.31106160754206147
08/05/2021,0.31688917056815163
08/04/2021,0.31482302085405783
08/03/2021,0.3100750594707191
08/02/2021,0.31148436727891937
07/30/2021,0.3134402500280059
07/29/2021,0.3362682459836533
07/28/2021,0.3218895038243458
07/27/2021,0.31925670721114036
07/26/2021,0.33590414387478906
07/23/2021,0.31381284296832423
07/22/2021,0.31061333718590184
07/21/2021,0.3146603367101852
07/20/2021,0.289879464176966
07/19/2021,0.28898921994159826
07/16/2021,0.30529237572461676
07/15/2021,0.31488391423529655
07/14/2021,0.32224005454173166
07/13/2021,0.32269913798134525
07/12/2021,0.32643639500877136
07/09/2021,0.3212318753965116
07/08/2021,0.3034105765142889
07/07/2021,0.30346896818263935
07/06/2021,0.3121706271948599
07/05/2021,0.3095863193665388
07/02/2021,0.31291509144783897
07/01/2021,0.31740805831590563
06/30/2021,0.3201645631924517
06/29/2021,0.3235454496521155
06/28/2021,0.32701878424027325
06/25/2021,0.33546813052759983
06/24/2021,0.32871643276927154
06/23/2021,0.33439393156086533
06/22/2021,0.32397471155292185
06/21/2021,0.32985797457879
06/18/2021,0.33064958387129045
06/17/2021,0.3404790893006207
06/16/2021,0.3406027114366025
06/15/2021,0.346803196683357
06/14/2021,0.36130174468811865
06/11/2021,0.3651264714297514
06/10/2021,0.36476784537030993
06/09/2021,0.36770575798187594
06/08/2021,0.37426218439400505
06/07/2021,0.37407735852024093
06/04/2021,0.39650736577112555
06/03/2021,0.3756636724880622
06/02/2021,0.3694204257555341
06/01/2021,0.3578593504310579
05/31/2021,0.3516814431306252
05/28/2021,0.3437574085648398
05/27/2021,0.3342304383049862
05/26/2021,0.3343800186965172
05/25/2021,0.3307398140069272
05/21/2021,0.33664328103687563
05/20/2021,0.33633838964453344
05/19/2021,0.334003349679803
05/18/2021,0.34956176890434926
05/14/2021,0.34158268667220804
05/12/2021,0.34814198138197233
05/11/2021,0.34243917581777966
05/10/2021,0.3254013465469682
05/07/2021,0.3274891364116339
05/06/2021,0.30789177123160316
05/05/2021,0.31996727362763944
05/04/2021,0.32706077629929114
05/03/2021,0.3380507510763294
04/30/2021,0.3296041504639341
04/29/2021,0.33659984211603494
04/28/2021,0.3403511246543594
04/27/2021,0.3345167729026932
04/26/2021,0.33900431657453634
04/23/2021,0.333108054480604
04/22/2021,0.33551867190126844
04/21/2021,0.32543449221906995
04/20/2021,0.3338662259824085
04/19/2021,0.3408922662474526
04/16/2021,0.34270195448889357
04/15/2021,0.33474418277747137
04/14/2021,0.33362724304744656
04/13/2021,0.33590922567923076
04/12/2021,0.32698908544356725
04/09/2021,0.33158110410402064
04/08/2021,0.33932213334652916
04/07/2021,0.3457268071975541
04/06/2021,0.3555945305446885
03/31/2021,0.33025872609137624
03/30/2021,0.3297100305507911
03/29/2021,0.3282759718373156
03/26/2021,0.33172310623417905
03/25/2021,0.3234901286321749
03/24/2021,0.33885273810539257
03/23/2021,0.3460090510833059
03/22/2021,0.35705153208102125
03/19/2021,0.354871578651488
03/18/2021,0.342568685317234
03/17/2021,0.3419092636261416
03/16/2021,0.3527978815635719
03/15/2021,0.3468780971258672
03/12/2021,0.3597552952779006
03/11/2021,0.34613848147151527
03/10/2021,0.3563720263916239
03/09/2021,0.32517489932537985
03/08/2021,0.3430019957547629
03/05/2021,0.350618883098306
03/04/2021,0.35198665757958386
03/03/2021,0.3652693197375254
03/02/2021,0.37558321195941585
03/01/2021,0.3721503043219679
02/26/2021,0.36380855585327543
02/25/2021,0.40202022608426347
02/24/2021,0.38078788691192883
02/23/2021,0.3701533778853397
02/22/2021,0.38716110144681576
02/19/2021,0.3903283852250933
02/18/2021,0.37488284910965325
02/17/2021,0.38712220392189983
02/16/2021,0.40180730317368507
02/15/2021,0.39594939003519414
02/12/2021,0.40297801938076105
02/11/2021,0.41306539433858125
02/10/2021,0.41504634782897015
02/09/2021,0.40683818335548344
02/08/2021,0.4063112109013533
02/05/2021,0.39799084855160594
02/04/2021,0.4003360045541113
02/03/2021,0.41241694946409063
02/02/2021,0.39580975595600826
02/01/2021,0.38313730057063006
01/29/2021,0.3813739757886018
01/28/2021,0.34714105789056854
01/27/2021,0.3494797214826286
01/26/2021,0.3607283902612704
01/25/2021,0.34735942725326113
01/22/2021,0.3702853375247986
01/21/2021,0.37866962321778963
01/20/2021,0.37552979673200926
01/19/2021,0.38509979820302365
01/18/2021,0.39225956641932197
01/15/2021,0.3650049193771987
01/14/2021,0.37756317535948264
01/13/2021,0.3573935120418651
01/12/2021,0.42390395581065465
01/11/2021,0.45219290127434053
01/08/2021,0.4749454406425062
01/07/2021,0.4665705464151731
01/06/2021,0.49055605448197404
01/05/2021,0.4491723822480489
01/04/2021,0.40617051436169777
12/30/2020,0.4099654950581905
12/29/2020,0.3982694437929185
12/28/2020,0.3869678903156528
12/23/2020,0.3651945833135592
12/22/2020,0.3615466366375702
12/21/2020,0.3602871211211396
12/18/2020,0.37940278631547025
12/17/2020,0.3686132791767326
12/16/2020,0.367968354721494
12/15/2020,0.35079312491330483
12/14/2020,0.3332178787681341
12/11/2020,0.342374902785934
12/10/2020,0.34913930315902614
12/09/2020,0.32737970495045693
12/08/2020,0.34476578188198737
12/07/2020,0.36541166659793717
12/04/2020,0.371302892182283
12/03/2020,0.3671845510669195
12/02/2020,0.35221316710985884
12/01/2020,0.36231596446922126
11/30/2020,0.3264056546965834
11/27/2020,0.2967150697280414
11/26/2020,0.2941275905203016
11/25/2020,0.27649112966698935
11/24/2020,0.29106671472999085
11/23/2020,0.29805996083271336
11/20/2020,0.30892596000408934
11/19/2020,0.30572808145659486
11/18/2020,0.3072290495344341
11/17/2020,0.301002901976696
11/16/2020,0.29471193148140395
11/13/2020,0.2677798162735957
11/12/2020,0.26450438901681195
11/11/2020,0.26992188791080457
11/10/2020,0.24039872954256664
11/09/2020,0.22879880626709773
11/06/2020,0.2173829927848509
11/05/2020,0.21690649912910406
11/04/2020,0.2191783758292874
11/03/2020,0.19736870180469676
11/02/2020,0.19660675934873487
10/30/2020,0.19128637988424022
10/29/2020,0.19717012726054925
10/28/2020,0.1831106129285505
10/27/2020,0.19163654322718132
10/26/2020,0.19492797411356505
10/23/2020,0.21390628527968247
10/22/2020,0.2049542539936258
10/21/2020,0.2161593800679327
10/20/2020,0.22814451094014954
10/19/2020,0.23053039185867683
10/16/2020,0.20303375168972165
10/15/2020,0.1916784242240546
10/14/2020,0.2141581356718967
10/13/2020,0.22804100828874774
10/12/2020,0.19060421755547904
10/09/2020,0.16380427791252195
10/08/2020,0.1637165377398932
10/07/2020,0.16277277071724305
10/06/2020,0.1521165234146168
10/05/2020,0.13940832764209135
10/02/2020,0.13653095274953986
10/01/2020,0.1363288466472228
09/30/2020,0.13667518395091652
09/29/2020,0.13659914715540217
09/28/2020,0.13697374424051748
09/25/2020,0.13168947579866744
09/24/2020,0.13276158736862353
09/23/2020,0.13617028497131833
09/22/2020,0.1408364787883782
09/21/2020,0.14115915694946052
09/18/2020,0.15130080034810228
09/17/2020,0.15328775812248926
09/16/2020,0.1534541053414687
09/15/2020,0.15620419383922693
09/14/2020,0.15060792144432775
09/11/2020,0.15672528044995607
09/10/2020,0.15979784128451682
09/09/2020,0.15858651726264145
09/08/2020,0.1617845162312792
09/07/2020,0.16793795700116548
09/04/2020,0.1750620057612528
09/03/2020,0.17645685797344884
09/02/2020,0.17485377148304201
09/01/2020,0.18124222921085353
08/31/2020,0.19046722988361992
08/28/2020,0.186280731203046
08/27/2020,0.17366012808274736
08/26/2020,0.17942590439066405
08/25/2020,0.18303232457732221
08/24/2020,0.1884526107242425
08/21/2020,0.18324665265021575
08/20/2020,0.18755505243168474
08/19/2020,0.19329191256250655
08/18/2020,0.20748155405267815
08/17/2020,0.21641822200808578
08/14/2020,0.20223446614595036
08/13/2020,0.2140316924612405
08/12/2020,0.20024347276834362
08/11/2020,0.18723214782657094
08/10/2020,0.1711034401088156
08/07/2020,0.1680395423575727
08/06/2020,0.17229650115827713
08/05/2020,0.17403146005003686
08/04/2020,0.17074115487298108
08/03/2020,0.16734223346100927
07/31/2020,0.16544401119115282
07/30/2020,0.15736346260814638
07/29/2020,0.17105618919918114
07/28/2020,0.15739941913687164
07/27/2020,0.16913597873719124
07/24/2020,0.17021332169555975
07/23/2020,0.17753225804694908
07/22/2020,0.16199390604791863
07/21/2020,0.15344298661429145
07/20/2020,0.13839491095963358
07/17/2020,0.13236253105615167
07/16/2020,0.14104372355430184
07/15/2020,0.14303166914731616
07/14/2020,0.14450052086159768
07/13/2020,0.1511243072135175
07/10/2020,0.15159305216179114
07/09/2020,0.1564476434941385
07/08/2020,0.1485549844441709
07/07/2020,0.14235887165212668
07/06/2020,0.15967061017591444
07/03/2020,0.3150313134803901
07/02/2020,0.3086969738262701
07/01/2020,0.33698169381066456
06/30/2020,0.3593434474188371
06/29/2020,0.3814448719376162
06/26/2020,0.3458781398848375
06/25/2020,0.2631714742762784
06/24/2020,0.2233588590683697
06/23/2020,0.2742818729805403
06/22/2020,0.2999581308442363
06/19/2020,0.29761439390385647
06/18/2020,0.33600668653306204
06/17/2020,0.3782168100323451
06/16/2020,0.5223312269456055
06/15/2020,0.7283306038276894
06/12/2020,0.6807851998539105
06/11/2020,0.6630336631662699
06/10/2020,0.7491366200453977
06/09/2020,0.8576172049877723
06/08/2020,0.7543241632659219
06/05/2020,0.671964000849932