Pricing Date,LTR | Share Price (Daily)($)
03/07/2025,0.400201676435369
03/06/2025,0.4167992363983456
03/05/2025,0.4161674758812031
03/04/2025,0.3875248015873016
03/03/2025,0.40901711002872493
02/28/2025,0.3973427702241261
02/27/2025,0.4220332624734276
02/26/2025,0.40455120101137804
02/25/2025,0.38624707148736787
02/24/2025,0.39109697933227344
02/21/2025,0.39209435766656037
02/20/2025,0.4027360480726203
02/19/2025,0.39639753916407683
02/18/2025,0.40335387156196406
02/17/2025,0.42024832855778416
02/14/2025,0.4070728914896323
02/13/2025,0.40955201310566447
02/12/2025,0.37266691719904793
02/11/2025,0.3777861730260672
02/10/2025,0.4144427001569859
02/07/2025,0.41024677439559065
02/06/2025,0.43049270990447464
02/05/2025,0.42471528345812626
02/04/2025,0.4160670712632172
02/03/2025,0.3959905952233634
01/31/2025,0.420954162768943
01/30/2025,0.4301477463998503
01/29/2025,0.42035122680283976
01/28/2025,0.4122938530734633
01/24/2025,0.4236216489630754
01/23/2025,0.4143906573742701
01/22/2025,0.441840060165455
01/21/2025,0.44178468479759364
01/20/2025,0.3945143715949652
01/17/2025,0.3946060154113845
01/16/2025,0.3607413857444956
01/15/2025,0.3608087091757387
01/14/2025,0.3342618384401115
01/13/2025,0.33534334235786367
01/10/2025,0.3409928729417548
01/09/2025,0.34666336511080853
01/08/2025,0.36943901151780445
01/07/2025,0.3558274548973094
01/06/2025,0.3498687992002999
01/03/2025,0.3537296760580861
01/02/2025,0.35353222105067295
12/31/2024,0.3248963425954577
12/30/2024,0.3355913243428003
12/27/2024,0.3419122218077832
12/24/2024,0.3426364315973088
12/23/2024,0.3334995636454307
12/20/2024,0.3314364329935589
12/19/2024,0.33802816901408456
12/18/2024,0.34676249921190344
12/17/2024,0.3515105453163595
12/16/2024,0.35016234799770807
12/13/2024,0.3781138790035587
12/12/2024,0.38616199655326483
12/11/2024,0.3819952887247724
12/10/2024,0.38865880853775087
12/09/2024,0.3942605997931748
12/06/2024,0.3993355057184845
12/05/2024,0.4185447520927238
12/04/2024,0.4473480947476827
12/03/2024,0.46296296296296297
12/02/2024,0.4617371649983855
11/29/2024,0.47541517421035495
11/28/2024,0.4809254565542341
11/27/2024,0.5028549182455231
11/26/2024,0.5036807438977141
11/25/2024,0.5162337662337663
11/22/2024,0.49935149156939046
11/21/2024,0.5144233899850231
11/20/2024,0.5223202699195433
11/19/2024,0.5283412693235927
11/18/2024,0.548131811105345
11/15/2024,0.5525397440868552
11/14/2024,0.5545106686555548
11/13/2024,0.5712431028886725
11/12/2024,0.5718206770356816
11/11/2024,0.5520504731861199
11/08/2024,0.5497037524687294
11/07/2024,0.5434782608695651
11/06/2024,0.5156670827038035
11/05/2024,0.5440552016985137
11/04/2024,0.5276696787810831
11/01/2024,0.5327545382794002
10/31/2024,0.5411965363421674
10/30/2024,0.5590634043672718
10/29/2024,0.5834917721104045
10/28/2024,0.6060206837494236
10/25/2024,0.5900682888019625
10/24/2024,0.5537869743997877
10/23/2024,0.5535299966854491
10/22/2024,0.5680679008220277
10/21/2024,0.5625832223701731
10/18/2024,0.5532828113473274
10/17/2024,0.5565240713423628
10/16/2024,0.5497434530552409
10/15/2024,0.563682727150718
10/14/2024,0.5612313482995026
10/11/2024,0.5640748496926299
10/10/2024,0.5616843804654917
10/09/2024,0.5311638539635581
10/08/2024,0.5614955282092663
10/07/2024,0.5952783602786986
10/04/2024,0.5023761031907671
10/03/2024,0.5270723526593196
10/02/2024,0.5543313593168986
10/01/2024,0.5401128388606027
09/30/2024,0.5581363100603204
09/27/2024,0.5434030181365084
09/26/2024,0.4995865490628445
09/25/2024,0.46911382002465424
09/24/2024,0.4639175257731959
09/23/2024,0.4316842538029327
09/20/2024,0.4376441850997421
09/19/2024,0.4527813712807245
09/18/2024,0.4398132485283172
09/17/2024,0.4391595162489021
09/16/2024,0.45154333468122393
09/13/2024,0.44975498422501176
09/12/2024,0.4787412119183127
09/11/2024,0.4585326953748006
09/10/2024,0.40582795555851237
09/09/2024,0.41223404255319146
09/06/2024,0.39767410773960704
09/05/2024,0.41997043408144064
09/04/2024,0.41016675632060245
09/03/2024,0.4368279569892473
09/02/2024,0.48184594502884287
08/30/2024,0.5076829350842753
08/29/2024,0.49235993208828527
08/28/2024,0.5223526219388102
08/27/2024,0.5389465121008745
08/26/2024,0.5318428184281844
08/23/2024,0.5363568470364587
08/22/2024,0.5434782608695652
08/21/2024,0.5670311867152693
08/20/2024,0.5323808882000135
08/19/2024,0.5175426804678048
08/16/2024,0.5243246830822327
08/15/2024,0.5170013919268245
08/14/2024,0.5289955696621041
08/13/2024,0.5352540804863544
08/12/2024,0.5672449046896643
08/09/2024,0.5753550762756444
08/08/2024,0.5585490866079642
08/07/2024,0.5770113435184578
08/06/2024,0.5759094162816425
08/05/2024,0.5636175174915781
08/02/2024,0.6025666080385643
08/01/2024,0.62911532694439
07/31/2024,0.6200639644931792
07/30/2024,0.5979610508430271
07/29/2024,0.620996208654726
07/26/2024,0.6321650835244021
07/25/2024,0.5992141453831041
07/24/2024,0.6370898527761273
07/23/2024,0.651799894123875
07/22/2024,0.6372386325921009
07/19/2024,0.67228577162352
07/18/2024,0.6658147824332503
07/17/2024,0.6427081230230837
07/16/2024,0.642016806722689
07/15/2024,0.6574488274366274
07/12/2024,0.6793016778751444
07/11/2024,0.6532629298673165
07/10/2024,0.6275303643724697
07/09/2024,0.6355504741408299
07/08/2024,0.6069598057728622
07/05/2024,0.6171174209212923
07/04/2024,0.6155812701829926
07/03/2024,0.6111484217595702
07/02/2024,0.6357765794554291
07/01/2024,0.5916766387448478
06/28/2024,0.6038163864424874
06/27/2024,0.6145362742492693
06/26/2024,0.6182688472277623
06/25/2024,0.5974508762612852
06/24/2024,0.6060606060606061
06/21/2024,0.6201087677410797
06/20/2024,0.6557049660497937
06/19/2024,0.6670669068107531
06/18/2024,0.6778309409888358
06/17/2024,0.6598917777484492
06/14/2024,0.6876487701666226
06/13/2024,0.7204036916539407
06/12/2024,0.7638190954773869
06/11/2024,0.7156520018468439
06/07/2024,0.7636603028308098
06/06/2024,0.7860378363975485
06/05/2024,0.8033461691674412
06/04/2024,0.8541611273597447
06/03/2024,0.8887403942532577
05/31/2024,0.8631564969125557
05/30/2024,0.8506113769271665
05/29/2024,0.8971133474576272
05/28/2024,0.9124816837618224
05/27/2024,0.9053388363733192
05/24/2024,0.9084278230886547
05/23/2024,0.9306484732065973
05/22/2024,0.9527287212853539
05/21/2024,0.9704528780097379
05/20/2024,0.9950581007078936
05/17/2024,0.9993315508021391
05/16/2024,0.9515224358974359
05/15/2024,0.9356412484127514
05/14/2024,0.9137862534763607
05/13/2024,0.9149765475325361
05/10/2024,0.924397490921096
05/09/2024,0.9250693802035151
05/08/2024,0.8742522842305922
05/07/2024,0.8463929114593666
05/06/2024,0.8209202250910296
05/03/2024,0.8100780320063484
05/02/2024,0.8013344671943482
05/01/2024,0.7956612107040789
04/30/2024,0.8084940580557178
04/29/2024,0.7937028533945556
04/26/2024,0.7304030259553933
04/24/2024,0.726706462496756
04/23/2024,0.709610524269328
04/22/2024,0.7047692604749951
04/19/2024,0.7130926378003342
04/18/2024,0.7502092858522764
04/17/2024,0.7510591860315828
04/16/2024,0.7562648208677818
04/15/2024,0.81421647819063
04/12/2024,0.8382962195753495
04/11/2024,0.8659981768459436
04/10/2024,0.8799374266718811
04/09/2024,0.8572752548656163
04/08/2024,0.7855822550831792
04/05/2024,0.7824829037348764
04/04/2024,0.8005822416302765
04/03/2024,0.7539006162318079
04/02/2024,0.7521000195350654
03/28/2024,0.7633587786259541
03/27/2024,0.7436884336877813
03/26/2024,0.7451954503856713
03/25/2024,0.7651059377452263
03/22/2024,0.7886332529492276
03/21/2024,0.8215036803364879
03/20/2024,0.8098752530860166
03/19/2024,0.812981585477341
03/18/2024,0.8456243854473943
03/15/2024,0.8209641402863522
03/14/2024,0.899327974700224
03/13/2024,0.9239634388660749
03/12/2024,0.8674714690942673
03/11/2024,0.8329477093937993
03/08/2024,0.8611552729199787
03/07/2024,0.8577295005961053
03/06/2024,0.8182714426552744
03/05/2024,0.8301321700631551
03/04/2024,0.86712739600991
03/01/2024,0.838444473443821
02/29/2024,0.8031475580412304
02/28/2024,0.8244076598506977
02/27/2024,0.7564346060645754
02/26/2024,0.7613881445657147
02/23/2024,0.7050567324719617
02/22/2024,0.7294256182127437
02/21/2024,0.7428982851158529
02/20/2024,0.7741766172418317
02/19/2024,0.8233679670652814
02/16/2024,0.7674221148194109
02/15/2024,0.6832823583002539
02/14/2024,0.6843539180072651
02/13/2024,0.6685182792920811
02/12/2024,0.6699784299627426
02/09/2024,0.7271422981609494
02/08/2024,0.654696311661373
02/07/2024,0.6198212305082534
02/06/2024,0.586281024037522
02/05/2024,0.5792505339460229
02/02/2024,0.6351377760406488
02/01/2024,0.6489250131095962
01/31/2024,0.6800924397490922
01/30/2024,0.6750971481261937
01/29/2024,0.6295734722130661
01/25/2024,0.6057812602884046
01/24/2024,0.6205439662001584
01/23/2024,0.5977404098791382
01/22/2024,0.6191134821840215
01/19/2024,0.7866499901257324
01/18/2024,0.7974010632014176
01/17/2024,0.8884823936760959
01/16/2024,0.9111918124793661
01/15/2024,0.9452802556250832
01/12/2024,0.9959090604251895
01/11/2024,0.9982032341784788
01/10/2024,0.9799986621178676
01/09/2024,1.0197940350407917
01/08/2024,1.0342511752854264
01/05/2024,1.0622562861368832
01/04/2024,1.0706853728938712
01/03/2024,1.0892220802797015
01/02/2024,1.1409804983748648
12/29/2023,1.1247443762781184
12/28/2023,1.1229800054779513
12/27/2023,1.1025886864813041
12/22/2023,1.0311734277157636
12/21/2023,1.046337817638266
12/20/2023,1.1373637533003857
12/19/2023,1.1030655748798808
12/18/2023,0.9816403109086037
12/15/2023,0.9752488566047888
12/14/2023,0.9226330269073342
12/13/2023,0.8356362679299908
12/12/2023,0.8397848051436819
12/11/2023,0.8759842519685039
12/08/2023,0.9075961854653075
12/07/2023,0.8735495780590717
12/06/2023,0.8611622403365763
12/05/2023,0.8097829650514721
12/04/2023,0.9001257528625324
12/01/2023,0.9022506325742442
11/30/2023,0.9105357261108536
11/29/2023,0.8889623265036352
11/28/2023,0.9046162032725821
11/27/2023,0.9002176350326452
11/24/2023,0.9219017516133281
11/23/2023,0.918574896660324
11/22/2023,0.9441975953998955
11/21/2023,0.997571700465971
11/20/2023,0.9559353106789759
11/17/2023,0.9612262128986165
11/16/2023,0.9500420086602469
11/15/2023,0.9954957895423983
11/14/2023,0.9767653167185877
11/13/2023,0.9413491607632907
11/10/2023,0.952925481227368
11/09/2023,0.9985230848263019
11/08/2023,1.0107816711590296
11/07/2023,1.0145113650956723
11/06/2023,1.068945350575086
11/03/2023,1.0772635552951897
11/02/2023,1.0170687885010268
11/01/2023,0.9924295438641135
10/31/2023,1.0187938998924255
10/30/2023,1.0443864229765012
10/27/2023,1.0738340322785613
10/26/2023,1.0780481654268061
10/25/2023,1.1465129536960792
10/24/2023,1.1298717785959123
10/23/2023,1.1401064099315938
10/20/2023,1.2006319115323854
10/19/2023,1.7639248909401277
10/18/2023,1.7685091277890468
10/17/2023,1.7757128309572303
10/16/2023,1.7678367760740084
10/13/2023,1.7560422960725077
10/12/2023,1.8173758865248228
10/11/2023,1.8719148663375857
10/10/2023,1.9260400616332818
10/09/2023,1.907374330186272
10/06/2023,1.905915349311576
10/05/2023,1.878768644874643
10/04/2023,1.879389989242549
10/03/2023,1.8567472306143002
10/02/2023,1.8889597957881301
09/29/2023,1.897141382203007
09/28/2023,1.9111139613929327
09/27/2023,1.869337756794692
09/26/2023,1.8896931650759081
09/25/2023,1.9249278152069298
09/22/2023,1.942060778114717
09/21/2023,1.9266585318861988
09/20/2023,1.963716756616165
09/19/2023,1.9567323216015498
09/18/2023,1.929508618471829
09/15/2023,1.939183094961989
09/14/2023,1.9523195876288657
09/13/2023,1.9484277538421968
09/12/2023,1.926534806062163
09/11/2023,1.936936936936937
09/08/2023,1.947886064631498
09/07/2023,1.9241796750557503
09/06/2023,1.7674834099030117
09/05/2023,1.7734115845879048
09/04/2023,1.8410852713178296
09/01/2023,1.69010450264482
08/31/2023,1.7610877306571706
08/30/2023,1.7794518768671257
08/29/2023,1.7831761209458585
08/28/2023,1.7591165896250642
08/25/2023,1.767418032786885
08/24/2023,1.7675793803830824
08/23/2023,1.765618936748157
08/22/2023,1.7410857693543205
08/21/2023,1.680833386591679
08/18/2023,1.6408152800922957
08/17/2023,1.6359787001988835
08/16/2023,1.7282517572709102
08/15/2023,1.757229931267021
08/14/2023,1.759283303038172
08/11/2023,1.7811870246375872
08/10/2023,1.7968391369925898
08/09/2023,1.7737202477991523
08/08/2023,1.7857142857142858
08/07/2023,1.7980182426668418
08/04/2023,1.8073878627968338
08/03/2023,1.7960146827477714
08/02/2023,1.7812704649639817
08/01/2023,1.8166204254194742
07/31/2023,1.8114478114478112
07/28/2023,1.8328445747800586
07/27/2023,1.8798005659614607
07/26/2023,1.9194376858610434
07/25/2023,1.8995929443690638
07/24/2023,1.8406148867313916
07/21/2023,1.9119429110004036
07/20/2023,1.960518282341768
07/19/2023,1.9281510046681551
07/18/2023,1.93711206602551
07/17/2023,1.9293700572675212
07/14/2023,1.9939701247087844
07/13/2023,1.9883040935672516
07/12/2023,1.927907134614079
07/11/2023,1.8968386023294512
07/10/2023,1.8245380389545534
07/07/2023,1.810529128808124
07/06/2023,1.8180616157609415
07/05/2023,1.8671645772205918
07/04/2023,1.882368703108253
07/03/2023,1.90393479858374
06/30/2023,1.8835274542429288
06/29/2023,1.883663858857863
06/28/2023,1.8927862342819326
06/27/2023,1.9251336898395721
06/26/2023,1.9170396099124973
06/23/2023,1.9160157553908808
06/22/2023,1.990956333940744
06/21/2023,1.9714111510060295
06/20/2023,2.00284187022126
06/19/2023,2.0276750239758874
06/16/2023,2.1624219125420465
06/15/2023,1.9991755976916739
06/14/2023,1.9538188277087032
06/13/2023,1.8989487962021023
06/09/2023,1.887937428359517
06/08/2023,1.8400376066080184
06/07/2023,1.8472824274758253
06/06/2023,1.8199999999999998
06/05/2023,1.840937686245944
06/02/2023,1.8278145695364238
06/01/2023,1.793103448275862
05/31/2023,1.785483244921723
05/30/2023,1.803855170617348
05/29/2023,1.7919037342227457
05/26/2023,1.7557549746390948
05/25/2023,1.7567831348819052
05/24/2023,1.7865322950068714
05/23/2023,1.8270885740765257
05/22/2023,1.8401647512123829
05/19/2023,1.8728339109570782
05/18/2023,1.8582198121941542
05/17/2023,1.8487730265345481
05/16/2023,1.8847818847818847
05/15/2023,1.9614406212344357
05/12/2023,1.9740777666999003
05/11/2023,1.9613093245866526
05/10/2023,1.9542872599404923
05/09/2023,1.9373565546105036
05/08/2023,1.93522102261153
05/05/2023,1.9225580140313006
05/04/2023,1.8334555637042471
05/03/2023,1.8351685018351687
05/02/2023,1.8116424670307714
05/01/2023,1.798513405893284
04/28/2023,1.8107322231033571
04/27/2023,1.8145695364238414
04/26/2023,1.8038852913968548
04/24/2023,1.8174528932246428
04/21/2023,1.8196414236018197
04/20/2023,1.8373412591191571
04/19/2023,1.8351707448238774
04/18/2023,1.8638137531960708
04/17/2023,1.8072289156626506
04/14/2023,1.8235451863770449
04/13/2023,1.848967152048764
04/12/2023,1.8184249231180643
04/11/2023,1.742948376796168
04/06/2023,1.7262063449746734
04/05/2023,1.7871539908626715
04/04/2023,1.7458712504213008
04/03/2023,1.7613982792493734
03/31/2023,1.7300341983504326
03/30/2023,1.7358085919174318
03/29/2023,1.7315149084102153
03/28/2023,1.722982032716546
03/27/2023,1.0128179584246528
03/24/2023,0.9893101387690061
03/23/2023,0.9614091703643942
03/22/2023,1.0121592731159808
03/21/2023,0.9983361064891848
03/20/2023,1.003625134264232
03/17/2023,1.1048613901165125
03/16/2023,1.0137605530811673
03/15/2023,0.9636963696369637
03/14/2023,0.9464142895227938
03/13/2023,1.0040026684456302
03/10/2023,1.0296649450403919
03/09/2023,1.1172076419646988
03/08/2023,1.07022527581423
03/07/2023,1.0919047304875635
03/06/2023,1.1573139550531557
03/03/2023,1.100310517078439
03/02/2023,0.9680021511158914
03/01/2023,0.9498377501352081
02/28/2023,0.918360456479168
02/27/2023,0.8842714007127966
02/24/2023,0.9191919191919191
02/23/2023,0.9007477906186266
02/22/2023,0.8999181892555222
02/21/2023,0.9211521275864439
02/20/2023,0.8918694690265487
02/17/2023,0.9214853384488901
02/16/2023,0.9534627564367343
02/15/2023,0.9257984581497797
02/14/2023,0.9611366485582951
02/13/2023,0.9745231797299178
02/10/2023,0.9962640099626401
02/09/2023,1.0130195641579058
02/08/2023,1.053288060425473
02/07/2023,1.0139109973008513
02/06/2023,1.0307861462341945
02/03/2023,1.0863509749303621
02/02/2023,1.1133172599631258
02/01/2023,1.086110521474563
01/31/2023,1.1067249400817707
01/30/2023,1.1779271312345243
01/27/2023,1.1514677660103774
01/25/2023,1.0898796886058033
01/24/2023,1.0864197530864197
01/23/2023,1.033028812368236
01/20/2023,0.9564552031163049
01/19/2023,1.0337698139214335
01/18/2023,1.0454545454545456
01/17/2023,1.044504995458674
01/16/2023,1.0442046641141662
01/13/2023,1.08499095840868
01/12/2023,1.0858252966072295
01/11/2023,1.0355540214014498
01/10/2023,0.9843739244166034
01/09/2023,1.007364179519244
01/06/2023,0.9786476868327401
01/05/2023,0.8906281627420553
01/04/2023,0.8590006844626966
01/03/2023,0.8250825082508252
12/30/2022,0.8971657717664651
12/29/2022,0.8553076402974983
12/28/2022,0.8298475239508838
12/23/2022,0.8480257424415095
12/22/2022,0.867186978853979
12/21/2022,0.8881292311817145
12/20/2022,0.8982035928143713
12/19/2022,1.0093896713615023
12/16/2022,1.0236167792868134
12/15/2022,1.059904742738311
12/14/2022,1.178370207503092
12/13/2022,1.1701541850220263
12/12/2022,1.1754007813552474
12/09/2022,1.214616222101252
12/08/2022,1.2098681987157824
12/07/2022,1.2980478969611593
12/06/2022,1.319589013498086
12/05/2022,1.3665432514304947
12/02/2022,1.410743353228432
12/01/2022,1.3748979036210183
11/30/2022,1.2981349792030057
11/29/2022,1.274247491638796
11/28/2022,1.2360526491614887
11/25/2022,1.349072512647555
11/24/2022,1.4067361017178412
11/23/2022,1.3907551733405
11/22/2022,1.3789445770352693
11/21/2022,1.3379028537533777
11/18/2022,1.3172851889000332
11/17/2022,1.3175405908969924
11/16/2022,1.3359422441130828
11/15/2022,1.3893595391392748
11/14/2022,1.4752229598337023
11/11/2022,1.3781107840513782
11/10/2022,1.3088660878716127
11/09/2022,1.2684784713704733
11/08/2022,1.2757605495583906
11/07/2022,1.2352066222595874
11/04/2022,1.2184901037973053
11/03/2022,1.132431582258572
11/02/2022,1.1979500320307497
11/01/2022,1.2361847569156075
10/31/2022,1.2062456005631281
10/28/2022,1.1905523907060105
10/27/2022,1.2603131293445073
10/26/2022,1.2593556784900748
10/25/2022,1.2623349993592208
10/24/2022,1.1852972700334152
10/21/2022,1.1744222855333966
10/20/2022,1.1657374556512925
10/19/2022,1.1582648000502227
10/18/2022,1.119754093218744
10/17/2022,1.0785485189610717
10/14/2022,1.0183743382123949
10/13/2022,0.9514271407110667
10/12/2022,0.9784858558615065
10/11/2022,0.9800831967729735
10/10/2022,0.9610552763819095
10/07/2022,1.0202123576819753
10/06/2022,1.0325527534740093
10/05/2022,1.0392460624838626
10/04/2022,1.0331384015594545
10/03/2022,0.947882736156352
09/30/2022,0.9599278443499548
09/29/2022,0.9687034277198212
09/28/2022,0.9496953195903021
09/27/2022,0.9760969009728754
09/26/2022,0.9666536914493318
09/23/2022,1.0275541593036193
09/21/2022,1.0952428509604182
09/20/2022,1.1311914323962515
09/19/2022,1.0951838703195123
09/16/2022,1.0951105157401204
09/15/2022,1.1522440204246172
09/14/2022,1.150317096208339
09/13/2022,1.2010284863657892
09/12/2022,1.204902230790416
09/09/2022,1.2348635150851748
09/08/2022,1.2485658365391106
09/07/2022,1.1607563421034925
09/06/2022,1.1906368051807878
09/05/2022,1.1351277868406742
09/02/2022,1.108298556475337
09/01/2022,1.138365632199485
08/31/2022,1.1911300288342719
08/30/2022,1.1701541850220263
08/29/2022,1.1384806458290209
08/26/2022,1.1944329040299129
08/25/2022,1.2012534818941505
08/24/2022,1.2055267702936097
08/23/2022,1.14962489580439
08/22/2022,1.1538461538461537
08/19/2022,1.153608459795372
08/18/2022,1.1848505906879778
08/17/2022,1.1898173768677367
08/16/2022,1.2202819272038714
08/15/2022,1.2491203377902884
08/12/2022,1.2074721215995454
08/11/2022,1.2809564474807857
08/10/2022,1.2202043132803633
08/09/2022,1.181349316977976
08/08/2022,1.126977460450791
08/05/2022,1.0375017234247899
08/04/2022,0.9815523842673163
08/03/2022,0.9411113417756558
08/02/2022,0.9216109063086875
08/01/2022,0.9287272215577289
07/29/2022,0.920951650038373
07/28/2022,0.8894935119296776
07/27/2022,0.8311976172334972
07/26/2022,0.8399278078578369
07/25/2022,0.8204129875547521
07/22/2022,0.8307842046718578
07/21/2022,0.8548186957121192
07/20/2022,0.7686474562250104
07/19/2022,0.6968400717538292
07/18/2022,0.7038884712635823
07/15/2022,0.646302469555752
07/14/2022,0.6516627477326167
07/13/2022,0.6412431295378977
07/12/2022,0.6336405529953918
07/11/2022,0.6679260558629065
07/08/2022,0.700357044767921
07/07/2022,0.6489071038251366
07/06/2022,0.6401571602763853
07/05/2022,0.6803872452779093
07/04/2022,0.6782215523737753
07/01/2022,0.6787944610371979
06/30/2022,0.7268843874879426
06/29/2022,0.7699711260827721
06/28/2022,0.7365654609585724
06/27/2022,0.7536292283114537
06/24/2022,0.6776480400333611
06/23/2022,0.60790273556231
06/22/2022,0.6732370905052748
06/21/2022,0.7164325155518276
06/20/2022,0.7079584292390319
06/17/2022,0.7163125475811474
06/16/2022,0.7369376920927633
06/15/2022,0.7053999583014802
06/14/2022,0.7234394377842083
06/10/2022,0.7858200014095427
06/09/2022,0.8112724167378309
06/08/2022,0.8624422632794457
06/07/2022,0.8689068358811654
06/06/2022,0.8881058535883792
06/03/2022,0.9163720326141858
06/02/2022,0.8627564706735301
06/01/2022,0.8209650820965082
05/31/2022,1.014264210450864
05/30/2022,1.0005038508601454
05/27/2022,0.9442735531869234
05/26/2022,0.9057458250778376
05/25/2022,0.9162303664921465
05/24/2022,0.9401951081577831
05/23/2022,0.9205288598237134
05/20/2022,0.9170121565596233
05/19/2022,0.8646855368108985
05/18/2022,0.9120771596309756
05/17/2022,0.8944857583836116
05/16/2022,0.8617706098151866
05/13/2022,0.8406559191863281
05/12/2022,0.7932692307692308
05/11/2022,0.8712996010917489
05/10/2022,0.8627858627858629
05/09/2022,0.8792742498255408
05/06/2022,0.9815078236130867
05/05/2022,1.041370486209838
05/04/2022,0.9715673667666811
05/03/2022,1.0015627219775536
05/02/2022,1.010421067455288
04/29/2022,1.0396707118018595
04/28/2022,1.014400226998652
04/27/2022,1.010460399914609
04/26/2022,1.0342112797022618
04/22/2022,1.140159767610748
04/21/2022,1.2113154590442423
04/20/2022,1.2408704724996273
04/19/2022,1.2449355432780846
04/14/2022,1.229902941394384
04/13/2022,1.2317281294056541
04/12/2022,1.1943986820428336
04/11/2022,1.250835127310519
04/08/2022,1.2896011926947446
04/07/2022,1.3068478829064296
04/06/2022,1.4132810733398657
04/05/2022,1.5151515151515154
04/04/2022,1.6013294055442253
04/01/2022,1.4576931724499738
03/31/2022,1.4104583989796684
03/30/2022,1.3968158606188046
03/29/2022,1.437310016136901
03/28/2022,1.370068129070899
03/25/2022,1.4412250412850922
03/24/2022,1.4039039039039038
03/23/2022,1.4234342223554088
03/22/2022,1.3827968180804402
03/21/2022,1.2976901116013497
03/18/2022,1.2289013917678413
03/17/2022,1.1377909124492058
03/16/2022,1.0733971569480707
03/15/2022,1.0680379746835442
03/14/2022,1.1436016213086277
03/11/2022,1.173074111971934
03/10/2022,1.1692036179130818
03/09/2022,1.124295026734051
03/08/2022,1.0546535227602205
03/07/2022,1.1581879489810878
03/04/2022,1.1388684790595152
03/03/2022,1.181592039800995
03/02/2022,1.0981818181818181
03/01/2022,1.103047895500726
02/28/2022,1.0416666666666667
02/25/2022,1.0330130752004623
02/24/2022,0.9270484204521143
02/23/2022,1.0284638226986311
02/22/2022,0.9573699421965318
02/21/2022,1.0705789056304522
02/18/2022,1.119724375538329
02/17/2022,1.1190270581462292
02/16/2022,1.177061652192636
02/15/2022,0.9926444333357136
02/14/2022,0.9971509971509972
02/11/2022,1.0906220850972232
02/10/2022,1.1441813310160043
02/09/2022,1.0847701149425288
02/08/2022,1.0372112917023097
02/07/2022,1.0212796242260338
02/04/2022,1.031364792314213
02/03/2022,0.9836182845697119
02/02/2022,1.0510189539689327
02/01/2022,1.0424820323062691
01/31/2022,1.0002817695125386
01/28/2022,0.9756609315988249
01/27/2022,0.9618772461419209
01/25/2022,0.9712898157406086
01/24/2022,1.073052870949403
01/21/2022,1.167231068520787
01/20/2022,1.2641673931996513
01/19/2022,1.238356560040436
01/18/2022,1.2677776181583105
01/17/2022,1.197086608494988
01/14/2022,1.2390723213640633
01/13/2022,1.2340270171595473
01/12/2022,1.1856270002909512
01/11/2022,1.114947489569846
01/10/2022,1.11166893781826
01/07/2022,1.1043384725708139
01/06/2022,1.1108722138608187
01/05/2022,1.2050816696914701
01/04/2022,1.2622061482820977
12/31/2021,1.207009379771686
12/30/2021,1.2011903033822036
12/29/2021,1.1999709976798145
12/24/2021,1.1119936457505957
12/23/2021,1.1101468142040933
12/22/2021,1.114477385847219
12/21/2021,1.059201141226819
12/20/2021,1.1029673379349605
12/17/2021,1.1128605167107994
12/16/2021,1.089928057553957
12/15/2021,1.0899764907031417
12/14/2021,1.1214753631444032
12/13/2021,1.1569953720185118
12/10/2021,1.17604876299749
12/09/2021,1.096820292961772
12/08/2021,1.0825148756183238
12/07/2021,1.024546424759872
12/06/2021,1.0255868048213153
12/03/2021,1.095274871866882
12/02/2021,1.1436283563006109
12/01/2021,1.3713306192414827
11/30/2021,1.362281822051937
11/29/2021,1.3168197024699266
11/26/2021,1.3203786746387642
11/25/2021,1.3479511143062544
11/24/2021,1.299402490821395
11/23/2021,1.2706663778788534
11/22/2021,1.2424835180757805
11/19/2021,1.2299542848849865
11/18/2021,1.2275731822474032
11/17/2021,1.177325581395349
11/16/2021,1.1335381015065087
11/15/2021,1.211340206185567
11/12/2021,1.149761991944343
11/11/2021,1.1972550737333916
11/10/2021,1.3735454411548094
11/09/2021,1.373343151693667
11/08/2021,1.3842499814443703
11/05/2021,1.4252924626092107
11/04/2021,1.3948497854077255
11/03/2021,1.441093448224632
11/02/2021,1.3891984250798604
11/01/2021,1.415982526173081
10/29/2021,1.4258911819887428
10/28/2021,1.4196179113493919
10/27/2021,1.3597776275261064
10/26/2021,1.3623057869849131
10/25/2021,1.2893553223388305
10/22/2021,1.2552301255230125
10/21/2021,1.209466037594548
10/20/2021,1.2021036814425246
10/19/2021,1.1738317757009347
10/18/2021,1.1561550433558143
10/15/2021,1.1652935500630892
10/14/2021,1.175380051909529
10/13/2021,1.0313075506445673
10/12/2021,1.0708765731949659
10/11/2021,1.0902394106813997
10/08/2021,1.0420475319926874
10/07/2021,1.0424286759326995
10/06/2021,0.9887005649717514
10/05/2021,0.9667298993141689
10/04/2021,0.9710503345941227
10/01/2021,0.9835232634100313
09/30/2021,1.0430247718383312
09/29/2021,1.0320028766630707
09/28/2021,1.0138315591281049
09/27/2021,1.1145104895104896
09/24/2021,1.1739981158054933
09/23/2021,1.1635541289757805
09/22/2021,1.067460605620507
09/21/2021,1.0983452561601272
09/20/2021,1.124981855131369
09/17/2021,1.1236363636363635
09/16/2021,1.1398397669337217
09/15/2021,1.1612572349622683
09/14/2021,1.0818541880592638
09/13/2021,1.0027280100272802
09/10/2021,0.8326578734065286
09/09/2021,0.7781957660249318
09/08/2021,0.8473327438844679
09/07/2021,0.8271176427147183
09/06/2021,0.810469179864674
09/03/2021,0.7480461481205805
09/02/2021,0.692079940784604
09/01/2021,0.6997127495028357
08/31/2021,0.7124068391056554
08/30/2021,0.6493980299160891
08/27/2021,0.6199854121079504
08/26/2021,0.6454420190006527
08/25/2021,0.6352087114337568
08/24/2021,0.656891921318139
08/23/2021,0.6301764494058336
08/20/2021,0.599058622165169
08/19/2021,0.6410715564787623
08/18/2021,0.6512772270062958
08/17/2021,0.6749401262791205
08/16/2021,0.7006603081438004
08/13/2021,0.7044331341742274
08/12/2021,0.7123448630388486
08/11/2021,0.726401179941003
08/10/2021,0.6646592244418332
08/09/2021,0.6535467763254517
08/06/2021,0.6873483790340366
08/05/2021,0.711480026680501
08/04/2021,0.6891722562099212
08/03/2021,0.7010035419126328
08/02/2021,0.6743311961087773
07/30/2021,0.6795474581251837
07/29/2021,0.6254163274369033
07/28/2021,0.6020115997357022
07/27/2021,0.6162816444018008
07/26/2021,0.5908855897776792
07/23/2021,0.6006780660377358
07/22/2021,0.5786098621655488
07/21/2021,0.5803276280026446
07/20/2021,0.5560433128475271
07/19/2021,0.5830155470812556
07/16/2021,0.5999555588474929
07/15/2021,0.5989583333333333
07/14/2021,0.5975946814073355
07/13/2021,0.6308794982828132
07/12/2021,0.6329588014981273
07/09/2021,0.6317757009345795
07/08/2021,0.6394052044609666
07/07/2021,0.6207463914441702
07/06/2021,0.6149692515374231
07/05/2021,0.6325301204819276
07/02/2021,0.6672664567401408
07/01/2021,0.604883877230976
06/30/2021,0.6372769530664267
06/29/2021,0.5826191550142835
06/28/2021,0.6017712512300356
06/25/2021,0.6193479747701192
06/24/2021,0.5758884594983708
06/23/2021,0.48915516456848174
06/22/2021,0.48916315472606864
06/21/2021,0.4705262365429496
06/18/2021,0.5052395209580838
06/17/2021,0.49145622259186456
06/16/2021,0.5086313193588162
06/15/2021,0.514988470407379
06/11/2021,0.5270852570021546
06/10/2021,0.5073193400975913
06/09/2021,0.47166164076393724
06/08/2021,0.4527513350359879
06/07/2021,0.47356571694744193
06/04/2021,0.4799876132228846
06/03/2021,0.4174965527807569
06/02/2021,0.44189472052097056
06/01/2021,0.4424435302336412
05/31/2021,0.4293339521930843
05/28/2021,0.38520801232665636
05/27/2021,0.35213992725021287
05/26/2021,0.3328430993110922
05/25/2021,0.3367394333488156
05/24/2021,0.34084747075683636
05/21/2021,0.3364789603960396
05/20/2021,0.33799533799533804
05/19/2021,0.34095311894614494
05/18/2021,0.3543889711036685
05/17/2021,0.3491891052999147
05/14/2021,0.33429215579569305
05/13/2021,0.3319950586781964
05/12/2021,0.3328430993110922
05/11/2021,0.33359497645211933
05/10/2021,0.342411838790932
05/07/2021,0.3649062230244056
05/06/2021,0.3187189054726368
05/05/2021,0.3138075313807532
05/04/2021,0.30781069642170067
05/03/2021,0.2948021722265322
04/30/2021,0.30436122669132376
04/29/2021,0.3107278800590383
04/28/2021,0.3030538503380216
04/27/2021,0.3069630090146099
04/26/2021,0.31601123595505615
04/23/2021,0.32103349578401796
04/22/2021,0.32439947478180275
04/21/2021,0.3295595533498759
04/20/2021,0.3365570599613153
04/19/2021,0.3338250135859017
04/16/2021,0.328616716925694
04/15/2021,0.3290492412511613
04/14/2021,0.32447466007416564
04/13/2021,0.324130567419158
04/12/2021,0.32781886102005026
04/09/2021,0.3468516542155817
04/08/2021,0.3475139387458948
04/07/2021,0.3434065934065934
04/06/2021,0.34451079467156637
04/01/2021,0.3345753174663524
03/31/2021,0.32346449501484126
03/30/2021,0.34230944774075767
03/29/2021,0.32836960672012216
03/26/2021,0.32418001525553014
03/25/2021,0.32620239720831434
03/24/2021,0.3355960643734269
03/23/2021,0.3413361969778323
03/22/2021,0.3448008678134201
03/19/2021,0.35246727089627394
03/18/2021,0.37045702698486976
03/17/2021,0.34652702910827043
03/16/2021,0.3562853380838046
03/15/2021,0.3600743379278303
03/12/2021,0.3724105826673908
03/11/2021,0.3534804226227471
03/10/2021,0.35080956052428686
03/09/2021,0.3579952267303103
03/08/2021,0.3607060629316961
03/05/2021,0.3559399877526026
03/04/2021,0.3745026137161582
03/03/2021,0.3983130271790066
03/02/2021,0.3945929051414283
03/01/2021,0.3421727972626176
02/26/2021,0.331738929177596
02/25/2021,0.3303088188475008
02/24/2021,0.3210209258084971
02/23/2021,0.3362873872448172
02/22/2021,0.31643066213116056
02/19/2021,0.31483667847304214
02/18/2021,0.3179033883848957
02/17/2021,0.3288201160541586
02/16/2021,0.3338250135859017
02/15/2021,0.3504127083008877
02/12/2021,0.34512176205987277
02/11/2021,0.3336436995654873
02/10/2021,0.3169694626981059
02/09/2021,0.3163824369164287
02/08/2021,0.3157246265208686
02/05/2021,0.30616150019135097
02/04/2021,0.3076572470373746
02/03/2021,0.3008836075563681
02/02/2021,0.29967377285486685
02/01/2021,0.2936017692366354
01/29/2021,0.2986217457886677
01/28/2021,0.314586050794138
01/27/2021,0.34586119437399127
01/25/2021,0.34634033710459483
01/22/2021,0.3279574041206883
01/21/2021,0.3416414317881823
01/20/2021,0.3191983285614795
01/19/2021,0.30781069642170067
01/18/2021,0.3227293683725219
01/15/2021,0.33575177523927136
01/14/2021,0.3425190720846956
01/13/2021,0.34039919542008357
01/12/2021,0.30902348578491967
01/11/2021,0.32722513089005234
01/08/2021,0.3534804226227471
01/07/2021,0.3413234039252192
01/06/2021,0.3343701399688958
01/05/2021,0.3326371161135608
01/04/2021,0.3187159204362184
12/31/2020,0.2623051998148434
12/30/2020,0.25737553779963124
12/29/2020,0.24763791526973486
12/24/2020,0.2544819203889395
12/23/2020,0.25796661608497723
12/22/2020,0.2487374689078164
12/21/2020,0.24617482199666718
12/18/2020,0.25108422734535496
12/17/2020,0.24377237754246975
12/16/2020,0.25336560278324005
12/15/2020,0.25675879776468813
12/14/2020,0.2750150693188668
12/11/2020,0.24493179591529132
12/10/2020,0.23678869427948582
12/09/2020,0.23845007451564829
12/08/2020,0.2409549228944247
12/07/2020,0.2346193952033368
12/04/2020,0.1969967291109129
12/03/2020,0.19349557192825784
12/02/2020,0.19193857965451055
12/01/2020,0.19876325088339225
11/30/2020,0.20576131687242802
11/27/2020,0.19960079840319364
11/26/2020,0.19873399087295748
11/25/2020,0.20228025009194558
11/24/2020,0.19850022055580063
11/23/2020,0.1855760133905829
11/20/2020,0.182882223847842
11/19/2020,0.17810410002907823
11/18/2020,0.18663543877625705
11/17/2020,0.18618574766355142
11/16/2020,0.19396867222954178
11/13/2020,0.18488979118329468
11/12/2020,0.18898095653438002
11/11/2020,0.18529283534370003
11/10/2020,0.1818710897715699
11/09/2020,0.18565708045140156
11/06/2020,0.16351744186046513
11/05/2020,0.1635055591890124
11/04/2020,0.16483910270192792
11/03/2020,0.1684467063292954
11/02/2020,0.158350341332958
10/30/2020,0.16890703075515517
10/29/2020,0.16832655351381678
10/28/2020,0.18718655082291447
10/27/2020,0.18932628420375797
10/26/2020,0.18877332953412168
10/23/2020,0.19557641704003986
10/22/2020,0.19553469852104666
10/21/2020,0.19573650307840137
10/20/2020,0.18688293370944994
10/19/2020,0.20549886621315192
10/16/2020,0.18775683718293892
10/15/2020,0.1911639762107052
10/14/2020,0.1939376526361155
10/13/2020,0.20781082049444644
10/12/2020,0.19463667820069205
10/09/2020,0.1735483404439945
10/08/2020,0.15741270749856898
10/07/2020,0.15717653782953492
10/06/2020,0.15741270749856898
10/05/2020,0.15086206896551724
10/02/2020,0.13613240667765278
10/01/2020,0.14735480161012074
09/30/2020,0.13261648745519714
09/29/2020,0.13527945888216447
09/28/2020,0.13055751587861678
09/25/2020,0.13679410733076114
09/24/2020,0.13353949957829633
09/23/2020,0.13850415512465375
09/22/2020,0.13636689872963467
09/21/2020,0.1585357065648195
09/18/2020,0.14264813460131676
09/17/2020,0.13867600905043426
09/16/2020,0.13214888774686145
09/15/2020,0.1203852327447833
09/14/2020,0.12407853441354645
09/11/2020,0.11278469038783381
09/10/2020,0.11660107855997667
09/09/2020,0.10917030567685589
09/08/2020,0.11579937757834552
09/07/2020,0.11285859909713121
09/04/2020,0.10859335408672989
09/03/2020,0.09821038847664776
09/02/2020,0.09871307399824511
09/01/2020,0.09956486466553581
08/31/2020,0.09961629279811099
08/28/2020,0.09923551896501029
08/27/2020,0.097670380552742
08/26/2020,0.09752221339305064
08/25/2020,0.09678806997418986
08/24/2020,0.09674645263007024
08/21/2020,0.0966840936761441
08/20/2020,0.09672565737622699
08/19/2020,0.10123653192566347
08/18/2020,0.10125117523685542
08/17/2020,0.09371395617070358
08/14/2020,0.08959288990825688
08/13/2020,0.08958004873154651
08/12/2020,0.08604000860400085
08/11/2020,0.08951589802348897
08/10/2020,0.08945824089315108
08/07/2020,0.08610792192881746
08/06/2020,0.09018759018759019
08/05/2020,0.08669267446900737
08/04/2020,0.08936869950668477
08/03/2020,0.0852575488454707
07/31/2020,0.08599068434252956
07/30/2020,0.08913291500285225
07/29/2020,0.08958646885974343
07/28/2020,0.09303657052887712
07/27/2020,0.08914562829838825
07/24/2020,0.0957786449095424
07/23/2020,0.0960990888382688
07/22/2020,0.08934953538241601
07/21/2020,0.09606489717498043
07/20/2020,0.08758408071748879
07/17/2020,0.08388088913742485
07/16/2020,0.08403361344537816
07/15/2020,0.08766393155200225
07/14/2020,0.08356545961002786
07/13/2020,0.08381058807095963
07/10/2020,0.08690815546130849
07/09/2020,0.0765536919757812
07/08/2020,0.07306380905991232
07/07/2020,0.07670315877553867
07/06/2020,0.07327285415212839
07/03/2020,0.0728862973760933
07/02/2020,0.07262415271821829
07/01/2020,0.07258399004562421
06/30/2020,0.07249378624689314
06/29/2020,0.07022471910112359
06/26/2020,0.07537860618104571
06/25/2020,0.07211538461538461
06/24/2020,0.07222451506397029
06/23/2020,0.06958458005705935
06/22/2020,0.07246376811594203
06/19/2020,0.06859181013786954
06/18/2020,0.07201152184349496
06/17/2020,0.07245376759591497
06/16/2020,0.07566377768606411
06/15/2020,0.0684931506849315
06/12/2020,0.07179978118161925
06/11/2020,0.08277003724651676
06/10/2020,0.08752888453189553
06/09/2020,0.08711408460519897
06/05/2020,0.09082017605141819
06/04/2020,0.08673327782403552
06/03/2020,0.08333333333333333
06/02/2020,0.08246855886193388
06/01/2020,0.08808781677734111
05/29/2020,0.08299030673217368
05/28/2020,0.0798881565807869
05/27/2020,0.07897854416216928
05/26/2020,0.08311722853913159
05/25/2020,0.0785494534267199
05/22/2020,0.07505057756314037
05/21/2020,0.07216427212490979
05/20/2020,0.07277538868673503
05/19/2020,0.07218795117469484
05/18/2020,0.06834157771413694
05/15/2020,0.0672688833365366
05/14/2020,0.06423432682425488
05/13/2020,0.0711789827876278
05/12/2020,0.06840836536582189
05/11/2020,0.07449151444487628
05/08/2020,0.07846214201647704
05/07/2020,0.07110076918104842
05/06/2020,0.07701687953276426
05/05/2020,0.06451196696987292
05/04/2020,0.06406560317765392
05/01/2020,0.06755887273195212
04/30/2020,0.06866784382970376
04/29/2020,0.06859606715881622
04/28/2020,0.06823498830257343
04/27/2020,0.07109617373319546
04/24/2020,0.0700770847932726
04/23/2020,0.06718280120289206
04/22/2020,0.06950587640591432
04/21/2020,0.0658968244006527
04/20/2020,0.07339800868011233
04/17/2020,0.06354451293130838
04/16/2020,0.06297625795075257
04/15/2020,0.0576058745331392
04/14/2020,0.049894454039531765
04/09/2020,0.04853145090129837
04/08/2020,0.0473490748239985
04/07/2020,0.04517047212424973
04/06/2020,0.045099951243295945
04/03/2020,0.042064779760831686
04/02/2020,0.04600205798680468
04/01/2020,0.0452156910668459
03/31/2020,0.04110177289736826
03/30/2020,0.037573144441022485
03/27/2020,0.04109421000981354
03/26/2020,0.041770082934802354
03/25/2020,0.03575898444484177
03/24/2020,0.03618460078301103
03/23/2020,0.032233926207333216
03/20/2020,0.0400627068454973
03/19/2020,0.03994126284875184
03/18/2020,0.04551820728291317
03/17/2020,0.049072411729503294
03/16/2020,0.04918839153959666
03/13/2020,0.053014424855135
03/12/2020,0.05543307086614173
03/11/2020,0.05670707860774344
03/10/2020,0.060995392901174485
03/09/2020,0.06022103103699292