Pricing Date,STMPA | Share Price (Daily)($)
03/06/2025,26.02880658436214
03/05/2025,24.75487555220343
03/04/2025,22.957034540859308
03/03/2025,24.950141702529653
02/28/2025,24.690458849235256
02/27/2025,25.145681581685746
02/26/2025,26.43968053804119
02/25/2025,27.09470810583788
02/24/2025,27.672495026698776
02/21/2025,27.957775919732445
02/20/2025,27.600460443700293
02/19/2025,25.96003746487668
02/18/2025,24.19186107333403
02/17/2025,24.32673163575396
02/14/2025,24.506302521008404
02/13/2025,23.96344647519582
02/12/2025,23.112767940354146
02/11/2025,22.948784273150544
02/10/2025,22.424992267244047
02/07/2025,22.47673216132368
02/06/2025,22.40610085079892
02/05/2025,22.08563392020002
02/04/2025,22.452791035484545
02/03/2025,21.83534509439802
01/31/2025,22.684752104770816
01/30/2025,22.14114458459293
01/29/2025,24.770833333333336
01/28/2025,24.60631974137032
01/27/2025,25.60911573198908
01/24/2025,25.54410682367785
01/23/2025,25.585632483081728
01/22/2025,25.55983751692532
01/21/2025,25.67103620474407
01/20/2025,25.738352745424294
01/17/2025,25.388494391273028
01/16/2025,24.891908585546634
01/15/2025,24.755633295606543
01/14/2025,24.20218241712992
01/13/2025,23.888208894328844
01/10/2025,24.608535462081672
01/09/2025,25.195593988058473
01/08/2025,25.456044522312688
01/07/2025,26.75961438789261
01/06/2025,26.314422277639235
01/03/2025,24.166323589954715
01/02/2025,24.397497692544352
12/31/2024,25.13200124236463
12/30/2024,24.89624403403196
12/27/2024,25.414537490874963
12/24/2024,25.075324675324676
12/23/2024,24.828446662507794
12/20/2024,24.656250000000004
12/19/2024,24.444559800664454
12/18/2024,26.302001467043908
12/17/2024,25.73228346456693
12/16/2024,25.60924369747899
12/13/2024,26.110003148945104
12/12/2024,26.274386406544995
12/11/2024,26.218936772569993
12/10/2024,26.271275478041602
12/09/2024,26.77740160812526
12/06/2024,26.49793934270316
12/05/2024,26.292146707536197
12/04/2024,26.032013479359726
12/03/2024,25.67013560391044
12/02/2024,25.84216601951936
11/29/2024,25.606668073433212
11/28/2024,25.060660407215952
11/27/2024,25.20063357972545
11/26/2024,25.596858638743456
11/25/2024,25.621134290806168
11/22/2024,24.324324324324323
11/21/2024,24.205391796915976
11/20/2024,24.13249211356467
11/19/2024,24.60292249047014
11/18/2024,25.01849698763344
11/15/2024,25.48264584871822
11/14/2024,26.59754549301735
11/13/2024,25.856598984771573
11/12/2024,27.087533156498676
11/11/2024,26.91447438491852
11/08/2024,26.45355074018451
11/07/2024,26.981986840686012
11/06/2024,26.513200257566
11/05/2024,26.738726935254938
11/04/2024,26.243875884594445
11/01/2024,26.952701236710784
10/31/2024,27.17155266015201
10/30/2024,27.98110338835795
10/29/2024,28.861525167422773
10/28/2024,28.480190517428014
10/25/2024,28.322510822510825
10/24/2024,28.12702527543746
10/23/2024,28.05929919137466
10/22/2024,27.633001730103807
10/21/2024,27.206280454791557
10/18/2024,27.83689868606798
10/17/2024,27.520303194369248
10/16/2024,27.294974983685012
10/15/2024,27.27917121046892
10/14/2024,28.17239498090562
10/11/2024,27.98094820978868
10/10/2024,27.979897301431226
10/09/2024,28.198247535596934
10/08/2024,27.75279666593551
10/07/2024,28.295467017890463
10/04/2024,28.228458671344004
10/03/2024,28.318096706685758
10/02/2024,29.028161236885698
10/01/2024,28.79123311932699
09/30/2024,29.723399509257195
09/27/2024,30.67433292397008
09/26/2024,28.95942774114228
09/25/2024,28.101986163802724
09/24/2024,28.202698182629057
09/23/2024,27.64974393230906
09/20/2024,27.701047003787032
09/19/2024,29.121185119180215
09/18/2024,28.071150639244024
09/17/2024,28.42690383546415
09/16/2024,27.68631813125695
09/13/2024,28.556380973500385
09/12/2024,27.874641359523284
09/11/2024,27.703149086104382
09/10/2024,27.775327968250473
09/09/2024,28.81748923484598
09/06/2024,28.6697757050855
09/05/2024,29.52328159645233
09/04/2024,29.9645390070922
09/03/2024,30.21086332523736
09/02/2024,31.72161982739544
08/30/2024,31.821701139254504
08/29/2024,31.651528577758082
08/28/2024,30.898063654573782
08/27/2024,31.260466674109633
08/26/2024,31.16136236739252
08/23/2024,31.464069845533913
08/22/2024,31.006331222925688
08/21/2024,31.28339269813001
08/20/2024,30.870434106805817
08/19/2024,30.881539652693288
08/16/2024,30.539679050340734
08/15/2024,30.25043936731107
08/14/2024,29.655970889844525
08/13/2024,29.499397524372878
08/12/2024,29.365773646801532
08/09/2024,29.19807713318038
08/08/2024,29.183940650229108
08/07/2024,29.33974639265413
08/06/2024,29.091505411610363
08/05/2024,29.383366249725697
08/02/2024,30.490335262640603
08/01/2024,31.907894736842106
07/31/2024,33.116883116883116
07/30/2024,32.8616182348493
07/29/2024,33.61471861471861
07/26/2024,33.35142764086419
07/25/2024,34.70517971549571
07/24/2024,40.198632367307056
07/23/2024,40.36582718193661
07/22/2024,41.16782760121899
07/19/2024,40.03810560696788
07/18/2024,41.339441535776615
07/17/2024,42.06123564789503
07/16/2024,42.093807813690276
07/15/2024,42.501637197118534
07/12/2024,43.02617230098146
07/11/2024,42.200239156430044
07/10/2024,42.211517644511794
07/09/2024,41.30904767052211
07/08/2024,42.313109425785484
07/05/2024,42.14571830680957
07/04/2024,41.178378378378376
07/03/2024,40.91400172860847
07/02/2024,39.81640541120893
07/01/2024,38.864464936736006
06/28/2024,39.49962498660667
06/27/2024,38.8769938978696
06/26/2024,39.346363345081706
06/25/2024,39.84266295622391
06/24/2024,40.51067482029824
06/21/2024,40.61431623931624
06/20/2024,41.17552507501072
06/19/2024,41.04189044038668
06/18/2024,43.024379765868325
06/17/2024,42.6066909714776
06/14/2024,42.14889292972511
06/13/2024,43.83745963401507
06/12/2024,45.25436598329537
06/11/2024,43.3336908720369
06/10/2024,44.305973356252686
06/07/2024,44.752485948984
06/06/2024,44.853101196953205
06/05/2024,43.70857329131805
06/04/2024,42.491838955386285
06/03/2024,41.69932505987373
05/31/2024,41.053031124606875
05/30/2024,40.97267404033831
05/29/2024,40.54726368159204
05/28/2024,41.90776593430498
05/27/2024,41.687479639483115
05/24/2024,41.95701725822207
05/23/2024,42.10412382292456
05/22/2024,42.07389749702026
05/21/2024,40.91205211726385
05/20/2024,42.02780493103074
05/17/2024,41.6612307023266
05/16/2024,42.23913043478261
05/15/2024,42.364960330398866
05/14/2024,41.56209433145824
05/13/2024,40.782514840798704
05/10/2024,40.55465805061928
05/09/2024,40.50748841719642
05/08/2024,40.263299301450836
05/07/2024,41.30106715533039
05/06/2024,40.10882448012068
05/03/2024,40.0786383712162
05/02/2024,38.79854498769659
04/30/2024,40.25342172797262
04/29/2024,40.876459873566915
04/26/2024,41.277890466531446
04/25/2024,42.48527048741296
04/24/2024,41.91066467193845
04/23/2024,39.81917397817248
04/22/2024,39.058009579563596
04/19/2024,39.157333333333334
04/18/2024,40.06717850287909
04/17/2024,40.47239067985956
04/16/2024,40.376235519183766
04/15/2024,41.270600744284955
04/12/2024,41.506222742261464
04/11/2024,42.219128199635854
04/10/2024,42.375886524822704
04/09/2024,42.976552323056886
04/08/2024,42.41749891445941
04/05/2024,41.72712506767731
04/04/2024,42.81990006517489
04/03/2024,42.587177821095956
04/02/2024,41.9340943355589
03/28/2024,43.119464247137614
03/27/2024,43.74594243670201
03/26/2024,43.1362996643932
03/25/2024,43.227868674829345
03/22/2024,43.18992541346881
03/21/2024,43.99500488652405
03/20/2024,43.35577027467159
03/19/2024,43.440486533449175
03/18/2024,44.81409001956948
03/15/2024,45.07839721254356
03/14/2024,46.69970591438841
03/13/2024,47.597679763598556
03/12/2024,48.37318484550715
03/11/2024,47.60681892689323
03/08/2024,47.56457968476357
03/07/2024,48.52459016393442
03/06/2024,46.76768777935244
03/05/2024,46.08237339708759
03/04/2024,46.60041272944498
03/01/2024,46.865865540759984
02/29/2024,45.10323208301806
02/28/2024,45.1679306608884
02/27/2024,46.72273467173087
02/26/2024,44.89043176394012
02/23/2024,44.94752785892027
02/22/2024,45.65170362358031
02/21/2024,44.328503460207614
02/20/2024,44.298387969274046
02/19/2024,44.96608161946808
02/16/2024,45.857573798750266
02/15/2024,45.33620225927919
02/14/2024,44.72272873538561
02/13/2024,44.6778861614321
02/12/2024,46.54206614241085
02/09/2024,46.04809143843002
02/08/2024,45.05920344456405
02/07/2024,43.49580374435119
02/06/2024,43.949489521762494
02/05/2024,44.19178376059209
02/02/2024,43.36894356318118
02/01/2024,43.94662616619657
01/31/2024,44.390799609417385
01/30/2024,44.5323507098732
01/29/2024,44.241573033707866
01/26/2024,44.87179487179487
01/25/2024,45.95751598569416
01/24/2024,46.43635571054926
01/23/2024,45.88796185935638
01/22/2024,45.25754110857019
01/19/2024,44.09620198062901
01/18/2024,43.80704041720991
01/17/2024,42.21040060796874
01/16/2024,43.37690631808279
01/15/2024,43.39209460199278
01/12/2024,43.562184689624914
01/11/2024,43.71578716881979
01/10/2024,44.16858489531952
01/09/2024,44.471153846153854
01/08/2024,45.30838454784898
01/05/2024,44.96655335014804
01/04/2024,45.3041095890411
01/03/2024,46.976642654442266
01/02/2024,48.86014905743095
12/29/2023,50.01105338786338
12/28/2023,50.409836065573764
12/27/2023,50.78959074733096
12/22/2023,50.1100957833315
12/21/2023,50.04397053973838
12/20/2023,50.29072956664838
12/19/2023,50.30189922055111
12/18/2023,49.694256387857614
12/15/2023,51.091345629160756
12/14/2023,50.13194062671798
12/13/2023,47.766508416055245
12/12/2023,48.06301931585195
12/11/2023,47.80833691448217
12/08/2023,47.72067519621545
12/07/2023,47.302837415039384
12/06/2023,48.08418780356179
12/05/2023,47.54452239611441
12/04/2023,46.926739530353856
12/01/2023,47.496470077115234
11/30/2023,47.393390773257714
11/29/2023,47.19785040579073
11/28/2023,45.97297000329634
11/27/2023,45.491310525740516
11/24/2023,45.72944006999125
11/23/2023,45.35986913849509
11/22/2023,45.370571614866336
11/21/2023,45.251885039886346
11/20/2023,46.1757303862567
11/17/2023,45.640104506858265
11/16/2023,45.39973930045623
11/15/2023,45.92612710483433
11/14/2023,43.56956804862167
11/13/2023,41.362712589581776
11/10/2023,41.20251813913786
11/09/2023,41.306909480449924
11/08/2023,41.0152066823731
11/07/2023,40.92123543870899
11/06/2023,40.91836734693877
11/03/2023,41.258591065292094
11/02/2023,40.04246284501061
11/01/2023,38.08896384526194
10/31/2023,38.013734812466986
10/30/2023,37.41644562334218
10/27/2023,39.762736998199344
10/26/2023,41.02253580454928
10/25/2023,39.30235020114334
10/24/2023,39.63362981787378
10/23/2023,40.22872340425532
10/20/2023,39.974578964092785
10/19/2023,41.17927022739291
10/18/2023,41.98356683872327
10/17/2023,43.03027095681626
10/16/2023,43.5245728749209
10/13/2023,43.212598425196845
10/12/2023,44.772103819371175
10/11/2023,44.989384288747345
10/10/2023,45.239609838846484
10/09/2023,43.85215649056205
10/06/2023,44.47911158117398
10/05/2023,43.15118972415245
10/04/2023,43.30005254860747
10/03/2023,42.22559380558752
10/02/2023,43.14240672622176
09/29/2023,43.37955122777308
09/28/2023,42.799027895181744
09/27/2023,41.88933305280876
09/26/2023,42.02093908629442
09/25/2023,42.71947474319602
09/22/2023,42.91346973572038
09/21/2023,43.05822136916188
09/20/2023,43.632758066245046
09/19/2023,43.20123905148473
09/18/2023,43.42020935697501
09/15/2023,44.11011523687581
09/14/2023,44.528
09/13/2023,44.39131836252283
09/12/2023,44.28172942817294
09/11/2023,44.14830736163353
09/08/2023,44.33254767516606
09/07/2023,43.96468699839487
09/06/2023,45.911915987998285
09/05/2023,46.59310049282195
09/04/2023,46.89353899255744
09/01/2023,47.01532815198618
08/31/2023,47.359002169197396
08/30/2023,47.74764924557184
08/29/2023,47.83669486011711
08/28/2023,46.645056726094005
08/25/2023,45.72290454643395
08/24/2023,46.04137333477743
08/23/2023,47.298177083333336
08/22/2023,47.319587628865975
08/21/2023,46.33097441480675
08/18/2023,45.840130505709624
08/17/2023,46.024148808876326
08/16/2023,47.0328351696302
08/15/2023,47.25226701627882
08/14/2023,47.51691770355817
08/11/2023,47.303518579414664
08/10/2023,49.00859220092531
08/09/2023,48.45191040843214
08/08/2023,48.58784893267652
08/07/2023,49.48283450704225
08/04/2023,50.11590683298377
08/03/2023,51.02375999124056
08/02/2023,52.389545056867895
08/01/2023,53.21820175438595
07/31/2023,53.58717214018074
07/28/2023,53.36310508325064
07/27/2023,55.45664358720739
07/26/2023,51.30107407817517
07/25/2023,51.68471056120194
07/24/2023,50.57025800022146
07/21/2023,50.83407473309609
07/20/2023,51.52139991083371
07/19/2023,52.55290560967417
07/18/2023,52.572744635434226
07/17/2023,52.58368905863851
07/14/2023,53.1857512080009
07/13/2023,52.79829863443027
07/12/2023,51.69020349160458
07/11/2023,48.80206616111661
07/10/2023,48.44041735310269
07/07/2023,47.96320630749014
07/06/2023,46.75754942428851
07/05/2023,49.34740047857298
07/04/2023,49.65671316477768
07/03/2023,49.934526407682235
06/30/2023,49.74344978165938
06/29/2023,48.562874251497
06/28/2023,48.39537168431394
06/27/2023,47.200306815691434
06/26/2023,47.501091226538634
06/23/2023,46.397867014909124
06/22/2023,47.906619903551075
06/21/2023,47.683968462549274
06/20/2023,48.60399171120078
06/19/2023,49.16958041958042
06/16/2023,49.81975092855582
06/15/2023,49.68866069477824
06/14/2023,50.08680555555555
06/13/2023,49.28177988983692
06/12/2023,48.83333333333333
06/09/2023,47.429554742955474
06/08/2023,46.91843551341451
06/07/2023,46.124611925917996
06/06/2023,44.61842667806754
06/05/2023,44.56347080878415
06/02/2023,45.06543660158764
06/01/2023,44.84646768305777
05/31/2023,43.26441436640733
05/30/2023,43.589193825042884
05/29/2023,43.04915925886259
05/26/2023,43.54061864497485
05/25/2023,42.01522951522951
05/24/2023,42.29982780886784
05/23/2023,44.753285929756515
05/22/2023,45.18846527702776
05/19/2023,44.912413494809684
05/18/2023,44.30924948853236
05/17/2023,43.00638735520191
05/16/2023,42.90213967633322
05/15/2023,42.155903457273325
05/12/2023,42.32732406602954
05/11/2023,41.766761301594244
05/10/2023,42.963776070252464
05/09/2023,42.330448120959794
05/08/2023,42.650947553988544
05/05/2023,42.49669457910974
05/04/2023,41.345730633802816
05/03/2023,42.53731343283582
05/02/2023,43.0085676625659
04/28/2023,42.561527425229
04/27/2023,42.554833021051465
04/26/2023,46.72484259361537
04/25/2023,46.00219659527732
04/24/2023,46.75303197353914
04/21/2023,47.436601163684266
04/20/2023,47.57047274322694
04/19/2023,49.386166831086264
04/18/2023,50.46052631578947
04/17/2023,49.939943219043464
04/14/2023,50.63750274785667
04/13/2023,51.23231653404067
04/12/2023,50.09881422924901
04/11/2023,50.68762278978389
04/06/2023,50.16380910778639
04/05/2023,49.874413017363764
04/04/2023,52.131506849315066
04/03/2023,52.65019590770571
03/31/2023,53.18883094306823
03/30/2023,53.00436205016357
03/29/2023,51.30538403206586
03/28/2023,48.25978531931042
03/27/2023,49.42857142857142
03/24/2023,48.843588640275385
03/23/2023,51.39418364012635
03/22/2023,50.048554164868364
03/21/2023,49.35952637244348
03/20/2023,48.612747723620785
03/17/2023,48.41701311160857
03/16/2023,48.052016985138
03/15/2023,46.496311907270815
03/14/2023,49.158628081457664
03/13/2023,47.62415531481283
03/10/2023,49.338737201365184
03/09/2023,49.756716733657704
03/08/2023,49.11780243000529
03/07/2023,47.58303363655595
03/06/2023,48.931966250133506
03/03/2023,48.02310790756837
03/02/2023,46.898197242841995
03/01/2023,48.778014941302025
02/28/2023,48.22186836518046
02/27/2023,48.2413391249073
02/24/2023,47.066891749314195
02/23/2023,47.902542372881356
02/22/2023,47.41654263236232
02/21/2023,48.036495571443815
02/20/2023,48.503793951052685
02/17/2023,48.949669439112824
02/16/2023,49.6797608881298
02/15/2023,49.26902144915164
02/14/2023,48.94815927873779
02/13/2023,48.63894545064837
02/10/2023,47.98163178129005
02/09/2023,49.61294484464036
02/08/2023,48.47655830919429
02/07/2023,48.41176470588235
02/06/2023,48.43783551642689
02/03/2023,50.03798155181769
02/02/2023,49.76492455718347
02/01/2023,48.329511955453654
01/31/2023,46.82306940371456
01/30/2023,47.35898271926965
01/27/2023,47.42726877985237
01/26/2023,46.315789473684205
01/25/2023,42.969175471081584
01/24/2023,42.522297150315424
01/23/2023,42.451086956521735
01/20/2023,41.238621586475944
01/19/2023,41.06314085267135
01/18/2023,42.741237559498046
01/17/2023,41.82868870166343
01/16/2023,41.09307359307359
01/13/2023,40.95531753759602
01/12/2023,40.49756625202812
01/11/2023,40.162348134609175
01/10/2023,39.87110633727175
01/09/2023,40.05910800644814
01/06/2023,37.619401400976436
01/05/2023,36.38421052631578
01/04/2023,36.46054306321595
01/03/2023,35.365467777660584
01/02/2023,35.60848252344416
12/30/2022,35.26237041786897
12/29/2022,35.724946695095944
12/28/2022,34.85234756745273
12/27/2022,35.41600085224246
12/23/2022,35.693043016463086
12/22/2022,35.91862682771774
12/21/2022,37.26655348047537
12/20/2022,36.71625929861849
12/19/2022,36.7600254614895
12/16/2022,37.04803308238787
12/15/2022,37.662199532014455
12/14/2022,39.66435801811401
12/13/2022,40.18950282124987
12/12/2022,38.425097378671445
12/09/2022,38.88186321003268
12/08/2022,38.41489137312803
12/07/2022,37.41475186234393
12/06/2022,38.11803071744162
12/05/2022,38.50357292980244
12/02/2022,38.476460102757684
12/01/2022,38.71628004618452
11/30/2022,37.181602557492006
11/29/2022,36.966187571088824
11/28/2022,37.7466251298027
11/25/2022,38.67110325465322
11/24/2022,38.93455415669546
11/23/2022,38.74261428423344
11/22/2022,37.988080558980684
11/21/2022,37.853483606557376
11/18/2022,38.336787564766844
11/17/2022,37.89489985546149
11/16/2022,38.15666285238739
11/15/2022,39.09204238520674
11/14/2022,38.21705426356589
11/11/2022,37.058458996075196
11/10/2022,36.35901606017483
11/09/2022,33.34338257461562
11/08/2022,33.77343277565007
11/07/2022,32.093581283743255
11/04/2022,31.626685170499606
11/03/2022,30.167870388444275
11/02/2022,30.962714539356874
11/01/2022,31.403612673970986
10/31/2022,31.24690991792742
10/28/2022,31.60485234165258
10/27/2022,32.52776943860703
10/26/2022,35.17567703614215
10/25/2022,35.092269326683294
10/24/2022,33.654511315347364
10/21/2022,32.67457826598666
10/20/2022,33.02202123476209
10/19/2022,32.09254549011935
10/18/2022,32.228116710875334
10/17/2022,31.971153846153843
10/14/2022,31.18604424520027
10/13/2022,31.749829118250172
10/12/2022,30.835273573923168
10/11/2022,31.093825960136122
10/10/2022,31.987396994667954
10/07/2022,32.91133053084368
10/06/2022,34.93857493857493
10/05/2022,34.49176772158139
10/04/2022,34.358182180586006
10/03/2022,32.19380226266602
09/30/2022,31.618944891155124
09/29/2022,31.05098652080484
09/28/2022,32.420443587270974
09/27/2022,33.14455749664043
09/26/2022,32.89600617403049
09/23/2022,32.83422459893048
09/22/2022,34.02709601413705
09/21/2022,36.389218009478675
09/20/2022,35.66576765557886
09/19/2022,35.830830830830834
09/16/2022,35.39286430146321
09/15/2022,35.74212893553223
09/14/2022,35.865
09/13/2022,35.70642385431259
09/12/2022,37.39236146287103
09/09/2022,37.088353413654616
09/08/2022,36.029704944178626
09/07/2022,35.49606926062295
09/06/2022,34.591381872213965
09/05/2022,34.454365079365076
09/02/2022,35.70926966292134
09/01/2022,34.029020075531704
08/31/2022,34.99345351999194
08/30/2022,35.34007813282581
08/29/2022,35.05994005994006
08/26/2022,35.54722638680659
08/25/2022,36.39625274068168
08/24/2022,35.83117142286968
08/23/2022,35.727854429114174
08/22/2022,35.4000796178344
08/19/2022,36.76706827309237
08/18/2022,37.607704004054746
08/17/2022,36.550391538696225
08/16/2022,38.23140327668668
08/15/2022,38.1223907952347
08/12/2022,38.065210704398645
08/11/2022,38.212515489467165
08/10/2022,37.899803332988306
08/09/2022,36.25345197913471
08/08/2022,38.22176801226367
08/05/2022,38.18809668901076
08/04/2022,39.53964194373402
08/03/2022,38.96097313735429
08/02/2022,38.32976445396146
08/01/2022,38.27820012327923
07/29/2022,37.66829865361077
07/28/2022,36.86109135250483
07/27/2022,35.45592705167173
07/26/2022,34.278481012658226
07/25/2022,34.8667415500868
07/22/2022,34.686158249846656
07/21/2022,34.70354523227383
07/20/2022,34.41836734693877
07/19/2022,33.821421257423715
07/18/2022,33.19097010372178
07/15/2022,32.5882946518668
07/14/2022,31.33259911894273
07/13/2022,31.402623612512613
07/12/2022,31.2902576489533
07/11/2022,31.004234724742886
07/08/2022,31.37913486005089
07/07/2022,30.676156583629894
07/06/2022,29.863585462689606
07/05/2022,28.649728511423014
07/04/2022,29.789341954322666
07/01/2022,30.268358643644685
06/30/2022,31.361070457871627
06/29/2022,32.226991938016965
06/28/2022,33.07546574044837
06/27/2022,33.787798408488065
06/24/2022,33.5337552742616
06/23/2022,32.72344900105153
06/22/2022,33.54698590952432
06/21/2022,34.11441840827528
06/20/2022,33.17712721145745
06/17/2022,33.17463639217327
06/16/2022,33.230009456761586
06/15/2022,35.067096639966714
06/14/2022,33.86122108772661
06/13/2022,33.931365390633154
06/10/2022,36.30958644638535
06/09/2022,38.35820895522388
06/08/2022,39.74551701922044
06/07/2022,39.326203208556144
06/06/2022,39.60004277617367
06/03/2022,39.54448017148982
06/02/2022,40.46341986698133
06/01/2022,39.4694790667945
05/31/2022,39.94206630189893
05/30/2022,40.8032345013477
05/27/2022,39.93464752517677
05/26/2022,39.031323750268186
05/25/2022,38.21142552055526
05/24/2022,38.17596566523605
05/23/2022,39.37272921564437
05/20/2022,38.817385800189896
05/19/2022,39.539438856537856
05/18/2022,39.206632385349984
05/17/2022,40.178007162418375
05/16/2022,38.64440282979609
05/13/2022,39.429582596023735
05/12/2022,37.21753618660835
05/11/2022,36.241433842909856
05/10/2022,35.21171266062777
05/09/2022,35.183819656589066
05/06/2022,36.83123212204683
05/05/2022,36.873621178695245
05/04/2022,36.991655223407626
05/03/2022,37.6594623089088
05/02/2022,36.63059466274427
04/29/2022,37.65939508905048
04/28/2022,37.451331158581496
04/27/2022,36.925590219224276
04/26/2022,37.14300937766411
04/25/2022,37.7959927140255
04/22/2022,38.06187345046891
04/21/2022,39.06080347448426
04/20/2022,38.74715014656389
04/19/2022,37.343480138169255
04/14/2022,36.91235275045931
04/13/2022,37.63703462498643
04/12/2022,37.755323772272924
04/11/2022,37.95993903766602
04/08/2022,38.106373721992604
04/07/2022,38.436375531566895
04/06/2022,38.84162303664922
04/05/2022,40.022948311659924
04/04/2022,42.51401560954161
04/01/2022,42.66556291390728
03/31/2022,43.9791157520551
03/30/2022,45.479910714285715
03/29/2022,45.998445998445995
03/28/2022,44.24934152765584
03/25/2022,44.1544885177453
03/24/2022,43.88888888888889
03/23/2022,43.019033997139395
03/22/2022,43.16629955947136
03/21/2022,42.80980781974817
03/18/2022,42.82079646017699
03/17/2022,41.831518115136696
03/16/2022,41.575877627379775
03/15/2022,38.48680608781343
03/14/2022,38.03273286467487
03/11/2022,38.32384497481936
03/10/2022,38.666373239436616
03/09/2022,39.85153999556836
03/08/2022,35.62016770118698
03/07/2022,36.424847958297136
03/04/2022,37.10980135341629
03/03/2022,40.39120344789479
03/02/2022,40.88740987243484
03/01/2022,41.06368789596532
02/28/2022,42.605277933745086
02/25/2022,43.110635421360975
02/24/2022,40.87111507185028
02/23/2022,42.36425339366516
02/22/2022,42.77046949421638
02/21/2022,42.61904761904762
02/18/2022,43.34768812330009
02/17/2022,44.476017276653785
02/16/2022,45.36721236925875
02/15/2022,45.13123508692195
02/14/2022,44.19577257827512
02/11/2022,45.62614051094891
02/10/2022,46.74325100516944
02/09/2022,46.729185727355905
02/08/2022,44.93605846083581
02/07/2022,44.50348531596389
02/04/2022,44.37578670328413
02/03/2022,45.36931168534186
02/02/2022,46.723904202440124
02/01/2022,46.61007420733078
01/31/2022,46.191756272401435
01/28/2022,44.681326040852774
01/27/2022,45.243671238987396
01/26/2022,44.86629809319644
01/25/2022,43.55329949238578
01/24/2022,43.77191990044122
01/21/2022,46.14381308835205
01/20/2022,46.97811543258873
01/19/2022,46.92997389626603
01/18/2022,48.3399433427762
01/17/2022,49.760438056125935
01/14/2022,49.069103369503146
01/13/2022,50.36123853211009
01/12/2022,48.66346812885538
01/11/2022,48.7615043745029
01/10/2022,48.05753765998414
01/07/2022,50.3288727602631
01/06/2022,48.485533453887875
01/05/2022,49.399705515913475
01/04/2022,48.83050847457628
01/03/2022,49.68383017163505
12/31/2021,49.32332537245536
12/30/2021,49.52445652173913
12/29/2021,49.699273717657746
12/28/2021,49.824640796470185
12/27/2021,49.762174405436014
12/24/2021,49.22520076914377
12/23/2021,48.676021274188074
12/22/2021,48.220358195420545
12/21/2021,47.14929577464789
12/20/2021,46.745027124773955
12/17/2021,46.64561957379636
12/16/2021,47.36604114854171
12/15/2021,48.01757152511828
12/14/2021,47.01307484220018
12/13/2021,47.972896668548834
12/10/2021,48.05973526417015
12/09/2021,48.36944256375537
12/08/2021,48.93460274283124
12/07/2021,49.910071942446045
12/06/2021,47.383557009135
12/03/2021,47.26267073033073
12/02/2021,47.416035282144065
12/01/2021,50.900339750849376
11/30/2021,48.60798016230839
11/29/2021,48.489800518426684
11/26/2021,47.453887065746294
11/25/2021,48.789101917255294
11/24/2021,48.914138587260716
11/23/2021,49.453644249183284
11/22/2021,51.48102263768442
11/19/2021,51.86233442771426
11/18/2021,51.52065365410804
11/17/2021,51.62201876342263
11/16/2021,51.20208664096167
11/15/2021,51.307973497829565
11/12/2021,51.28792215226101
11/11/2021,50.722311396468704
11/10/2021,50.063437139561714
11/09/2021,51.25028941884696
11/08/2021,51.77909133055169
11/05/2021,50.889761959787386
11/04/2021,50.069284064665126
11/03/2021,49.11975909196202
11/02/2021,48.36094057685626
11/01/2021,47.63587901263182
10/29/2021,47.31151711378354
10/28/2021,48.25954911809367
10/27/2021,45.022598215320436
10/26/2021,45.05507246376812
10/25/2021,44.425734525606785
10/22/2021,44.12585785739211
10/21/2021,43.607359105728925
10/20/2021,42.99021891010713
10/19/2021,43.11147312078193
10/18/2021,42.58528660942214
10/15/2021,42.38979118329466
10/14/2021,42.17935349322211
10/13/2021,41.46609581115483
10/12/2021,40.811497171880404
10/11/2021,41.598194653396604
10/08/2021,41.69656289781276
10/07/2021,42.64978024520009
10/06/2021,41.87521623803483
10/05/2021,42.90689575110285
10/04/2021,41.90194028116649
10/01/2021,43.270345467192215
09/30/2021,43.77028280018544
09/29/2021,43.57574349442378
09/28/2021,43.909133380051394
09/27/2021,46.302363678914105
09/24/2021,46.21779859484777
09/23/2021,46.54970073934984
09/22/2021,45.85045193097782
09/21/2021,45.43590344504335
09/20/2021,44.8773618119939
09/17/2021,45.65089799272215
09/16/2021,47.04705882352942
09/15/2021,46.832900023635084
09/14/2021,46.706870048480546
09/13/2021,45
09/10/2021,45.233025786609886
09/09/2021,44.44641380125251
09/08/2021,44.364366729678636
09/07/2021,45.25219038598153
09/06/2021,45.308422301304866
09/03/2021,45.03862150920975
09/02/2021,45
09/01/2021,44.94488562285172
08/31/2021,44.51723323890464
08/30/2021,44.725041302808584
08/27/2021,43.939393939393945
08/26/2021,42.98482888392332
08/25/2021,43.202913876160274
08/24/2021,43.03172737955346
08/23/2021,42.795963862489735
08/20/2021,42.51168224299065
08/19/2021,41.89552413228935
08/18/2021,42.684925093632955
08/17/2021,42.291471415182755
08/16/2021,43.04819135147873
08/13/2021,43.06112815671466
08/12/2021,42.930892878094575
08/11/2021,42.53021945781012
08/10/2021,42.70723414233791
08/09/2021,42.880639097744364
08/06/2021,42.27737913186684
08/05/2021,42.391947898164595
08/04/2021,42.034560302994436
08/03/2021,41.61825726141078
08/02/2021,41.57356786308533
07/30/2021,40.97271648873072
07/29/2021,41.654778887303856
07/28/2021,39.16765053128689
07/27/2021,38.53390131345403
07/26/2021,39.38821306247786
07/23/2021,39.07775555816963
07/22/2021,38.03464121597738
07/21/2021,38.14749262536873
07/20/2021,36.604306388986934
07/19/2021,37.00294985250737
07/16/2021,37.98559452119495
07/15/2021,38.440637920850556
07/14/2021,39.27980132450331
07/13/2021,38.344754253308125
07/12/2021,38.41181354524968
07/09/2021,38.10060505398031
07/08/2021,36.75076995972518
07/07/2021,37.61056728387781
07/06/2021,37.405392620624404
07/05/2021,37.68391077361177
07/02/2021,37.20393178588347
07/01/2021,36.402417348027015
06/30/2021,36.287645245435144
06/29/2021,37.093701631146565
06/28/2021,36.93473332537883
06/25/2021,36.76698913173295
06/24/2021,36.681378981271614
06/23/2021,36.03081700907788
06/22/2021,36.35551851410882
06/21/2021,35.9244698594234
06/18/2021,36.087729697688204
06/17/2021,37.96020493268199
06/16/2021,38.17256422685409
06/15/2021,38.260975018190635
06/14/2021,38.27452406935856
06/11/2021,37.982339421797505
06/10/2021,37.78440199537657
06/09/2021,37.247136241774314
06/08/2021,36.76775057849227
06/07/2021,36.7239907305769
06/04/2021,37.16997201606035
06/03/2021,36.52843458227235
06/02/2021,37.29693416391841
06/01/2021,37.39588437040666
05/31/2021,37.486245262257
05/28/2021,37.36745886654479
05/27/2021,36.88414634146341
05/26/2021,36.66340986809966
05/25/2021,36.759667156142925
05/24/2021,36.565249266862175
05/21/2021,36.16697135892748
05/20/2021,36.144357596482656
05/19/2021,35.681984844781226
05/18/2021,35.63232421875
05/17/2021,35.27339003645201
05/14/2021,35.41085083141158
05/13/2021,34.878667149583485
05/12/2021,34.45652173913044
05/11/2021,35.50742273059139
05/10/2021,36.66545056548705
05/07/2021,37.60330578512397
05/06/2021,36.26883664858348
05/05/2021,36.89990398463754
05/04/2021,36.11077736393128
05/03/2021,37.045975624472064
04/30/2021,37.48345964152532
04/29/2021,39.428086756331034
04/28/2021,38.724897169126535
04/27/2021,39.55314009661836
04/26/2021,39.371980676328505
04/23/2021,38.8493547219877
04/22/2021,38.087228162922024
04/21/2021,37.34657039711192
04/20/2021,36.98531182277872
04/19/2021,38.35558763382654
04/16/2021,39.117153809295644
04/15/2021,38.98061737257717
04/14/2021,39.27801724137931
04/13/2021,39.17919350990218
04/12/2021,38.76578508458422
04/09/2021,39.584076054664294
04/08/2021,39.43703880028565
04/07/2021,39.498097050428164
04/06/2021,39.269217102925495
04/01/2021,38.91634309918814
03/31/2021,38.133802816901415
03/30/2021,37.422305617450455
03/29/2021,37.54117647058823
03/26/2021,38.08232102842316
03/25/2021,37.07891637220259
03/24/2021,36.97787244113123
03/23/2021,37.2300023736055
03/22/2021,38.221957040572796
03/19/2021,36.75315401094978
03/18/2021,36.28550966817856
03/17/2021,36.36796382244436
03/16/2021,36.6230677764566
03/15/2021,36.050119331742245
03/12/2021,35.47115729129344
03/11/2021,36.216798277099784
03/10/2021,34.613555291319855
03/09/2021,35.528348983715674
03/08/2021,34.44431265567549
03/05/2021,33.85751727424351
03/04/2021,35.22823075996628
03/03/2021,36.7105422050477
03/02/2021,37.08353452438435
03/01/2021,37.86325816954057
02/26/2021,38.68118572292801
02/25/2021,39.62102689486552
02/24/2021,39.68696918223732
02/23/2021,40.00486381322957
02/22/2021,41.09073241831653
02/19/2021,42.00436787187576
02/18/2021,41.02935846321132
02/17/2021,41.44404332129964
02/16/2021,42.56478566238798
02/15/2021,43.13273477311332
02/12/2021,42.782693006908254
02/11/2021,42.2680412371134
02/10/2021,40.827469060907546
02/09/2021,41.80674809529569
02/08/2021,41.25646888915634
02/05/2021,40.52688560086611
02/04/2021,40.227544910179645
02/03/2021,40.54346519177587
02/02/2021,40.82982561635598
02/01/2021,40.981031774797636
01/29/2021,40.38601602330663
01/28/2021,40.04607177497576
01/27/2021,38.36942058787952
01/26/2021,39.77134517149112
01/25/2021,39.643463497453304
01/22/2021,39.683505782105904
01/21/2021,40.56351712411951
01/20/2021,40.52746189208807
01/19/2021,39.70909090909091
01/18/2021,39.93961352657005
01/15/2021,39.81380727844275
01/14/2021,40.50771286286894
01/13/2021,40.93339815264949
01/12/2021,40.89029433227924
01/11/2021,40.5638595212055
01/08/2021,40.41146216017634
01/07/2021,39.74972396025027
01/06/2021,39.38351958737566
01/05/2021,39.32211715583937
01/04/2021,38.949564363725614
12/31/2020,37.039755351681954
12/30/2020,37.5153600393217
12/29/2020,36.91817736403724
12/28/2020,37.16554673182651
12/24/2020,36.5464294418718
12/23/2020,37.00902659185167
12/22/2020,36.76327325864589
12/21/2020,35.61041182940242
12/18/2020,36.700501406383765
12/17/2020,36.324681684622924
12/16/2020,36.48763853367434
12/15/2020,36.700705081449065
12/14/2020,35.13775943682486
12/11/2020,35.247093023255815
12/10/2020,35.69611050527081
12/09/2020,36.1879454040343
12/08/2020,41.14085018771951
12/07/2020,41.75464142701127
12/04/2020,41.334951456310684
12/03/2020,40.94775212636696
12/02/2020,40.328621481213005
12/01/2020,41.33317261330762
11/30/2020,39.2255288633919
11/27/2020,39.705882352941174
11/26/2020,38.73080128586737
11/25/2020,38.06121233773967
11/24/2020,37.321768060836504
11/23/2020,36.98759598346131
11/20/2020,36.91888045540797
11/19/2020,36.001894836570344
11/18/2020,35.79821958456973
11/17/2020,35.19639254776314
11/16/2020,35.28715216104204
11/13/2020,34.1887417218543
11/12/2020,33.904311872415825
11/11/2020,34.25076452599389
11/10/2020,33.82943538861328
11/09/2020,35.975897920604915
11/06/2020,34.45078459343795
11/05/2020,34.070744114515556
11/04/2020,32.704918032786885
11/03/2020,32.206969376979934
11/02/2020,31.033279031882707
10/30/2020,30.474303694208132
10/29/2020,30.946828358208958
10/28/2020,30.543146014577943
10/27/2020,32.18934911242604
10/26/2020,33.0536516190026
10/23/2020,33.86600378787879
10/22/2020,33.89329232225245
10/21/2020,34.334203655352475
10/20/2020,34.421575585521644
10/19/2020,34.68017434326776
10/16/2020,34.231490159325205
10/15/2020,34.05101802012637
10/14/2020,34.69771818395672
10/13/2020,35.110380460310004
10/12/2020,35.053738041809375
10/09/2020,34.58584426326362
10/08/2020,33.490011750881315
10/07/2020,33.21958107790068
10/06/2020,33.02298173246906
10/05/2020,33.05833824395993
10/02/2020,32.493850298699776
10/01/2020,32.953611274221956
09/30/2020,30.836073273837485
09/29/2020,30.723174454097208
09/28/2020,29.953379953379955
09/25/2020,29.139072847682115
09/24/2020,29.84274898078043
09/23/2020,29.766355140186917
09/22/2020,29.6135831381733
09/21/2020,29.593992020652426
09/18/2020,30.739114960256256
09/17/2020,30.846535824071886
09/16/2020,31.754115835603454
09/15/2020,31.512853927259805
09/14/2020,31.302695641847762
09/11/2020,30.03077651515152
09/10/2020,29.94296577946768
09/09/2020,29.515366430260045
09/08/2020,27.459306440198162
09/07/2020,28.502187019742287
09/04/2020,27.883934890304317
09/03/2020,28.61534823223365
09/02/2020,30.76194983435873
09/01/2020,30.44101828612406
08/31/2020,30.137477585176327
08/28/2020,30.093969311288213
08/27/2020,30.172210426987494
08/26/2020,30.72922822361423
08/25/2020,29.95506149479659
08/24/2020,29.640117994100297
08/21/2020,28.648839674873365
08/20/2020,28.77280265339967
08/19/2020,29.45026178010471
08/18/2020,29.479079747288115
08/17/2020,29.805410536307548
08/14/2020,29.259346900141978
08/13/2020,29.962148095576055
08/12/2020,30.058962264150942
08/11/2020,29.460922787193976
08/10/2020,28.44371250441125
08/07/2020,28.877887788778878
08/06/2020,28.879412461502014
08/05/2020,29.088312306593675
08/04/2020,29.02542372881356
08/03/2020,28.834860230209067
07/31/2020,28.167514491896362
07/30/2020,27.868080094228503
07/29/2020,28.90431917147228
07/28/2020,29.005039259346074
07/27/2020,30.760178865615437
07/24/2020,30.11165387299372
07/23/2020,30.834298957126304
07/22/2020,30.96093659441289
07/21/2020,30.421790598781747
07/20/2020,30.644238471220966
07/17/2020,29.919999999999998
07/16/2020,29.229538180155465
07/15/2020,29.093400319707698
07/14/2020,28.24253476179622
07/13/2020,29.389703375383565
07/10/2020,28.691028396877474
07/09/2020,27.254237288135595
07/08/2020,27.01448619284744
07/07/2020,27.74514234071396
07/06/2020,27.886463869727468
07/03/2020,27.24002248454188
07/02/2020,26.99269252388983
07/01/2020,26.714720126140328
06/30/2020,27.233851001575513
06/29/2020,26.408727927117308
06/26/2020,26.28629077457684
06/25/2020,26.621773288439954
06/24/2020,26.71248310049572
06/23/2020,27.56940509915014
06/22/2020,26.646403242147926
06/19/2020,26.87786857718572
06/18/2020,27.36050297518805
06/17/2020,26.936026936026934
06/16/2020,26.781492738939544
06/15/2020,25.701408450704225
06/12/2020,25.733228452635128
06/11/2020,26.18993395581872
06/10/2020,27.067498581962568
06/09/2020,27.329545454545457
06/08/2020,27.040758721914866
06/05/2020,28.361249434133086