Pricing Date,96 | Share Price (Daily)($)
03/05/2025,0.07720715967727407
03/04/2025,0.07718987680495662
03/03/2025,0.07716337157635766
02/28/2025,0.07714561234329798
02/27/2025,0.07716208152431121
02/26/2025,0.07718987680495662
02/25/2025,0.07717528178624761
02/24/2025,0.07717746572355803
02/21/2025,0.07851283813613097
02/20/2025,0.0771653563560461
02/19/2025,0.0771472986230493
02/18/2025,0.07717557958860272
02/17/2025,0.07584005717569055
02/14/2025,0.07451239346654778
02/13/2025,0.07832643375894977
02/12/2025,0.077020636395845
02/11/2025,0.0782895403890605
02/10/2025,0.07702834900004364
02/07/2025,0.0705966313854653
02/06/2025,0.06806425265450584
02/05/2025,0.06934661363791052
02/04/2025,0.06677667696140438
02/03/2025,0.06672252539626122
01/28/2025,0.06546384342075537
01/27/2025,0.0654806536766745
01/24/2025,0.06548166256657302
01/23/2025,0.06547191126630379
01/22/2025,0.06548014924338329
01/21/2025,0.0655020151502308
01/20/2025,0.06555067709993521
01/17/2025,0.0655238956654016
01/16/2025,0.0654841008455153
01/15/2025,0.0654958744020291
01/14/2025,0.06550395014507199
01/13/2025,0.06550024851564878
01/10/2025,0.06549957553706441
01/09/2025,0.06553694677500395
01/08/2025,0.06555665959254607
01/07/2025,0.06557781772452688
01/06/2025,0.06430901252225092
01/03/2025,0.06813907055736475
01/02/2025,0.06815291456582094
12/31/2024,0.0682330222079176
12/30/2024,0.06827187147369343
12/27/2024,0.06828269033799932
12/24/2024,0.0669564679948083
12/23/2024,0.06691967451299852
12/20/2024,0.06691597155556471
12/19/2024,0.06690805032514739
12/18/2024,0.0669267371027673
12/17/2024,0.06692165533288376
12/16/2024,0.06687156800967066
12/13/2024,0.0668733739803418
12/12/2024,0.06816536145004444
12/11/2024,0.06815571910070459
12/10/2024,0.06816501077135784
12/09/2024,0.07074983245153316
12/06/2024,0.07069663175538451
12/05/2024,0.07067582796732465
12/04/2024,0.07065240430131838
12/03/2024,0.0706651128907299
12/02/2024,0.07068082339303935
11/29/2024,0.0706847293995782
11/28/2024,0.06937262735979344
11/27/2024,0.07325254134913188
11/26/2024,0.06680962212734685
11/25/2024,0.06553770474107466
11/22/2024,0.06551101805406585
11/21/2024,0.06809398511696747
11/20/2024,0.0668082487630838
11/19/2024,0.0668095362904262
11/18/2024,0.06809267284297188
11/15/2024,0.06807430631639654
11/14/2024,0.06425000963750145
11/13/2024,0.06811595134207703
11/12/2024,0.06813661777542943
11/11/2024,0.07073245385028898
11/08/2024,0.07073636556553725
11/07/2024,0.0720536181853039
11/06/2024,0.07330246913580246
11/05/2024,0.07463675705864262
11/04/2024,0.07462187295754787
11/01/2024,0.07457936594680432
10/31/2024,0.07460363602686759
10/30/2024,0.07204277282340774
10/29/2024,0.07335331460464493
10/28/2024,0.0746284980500088
10/25/2024,0.07335595785507178
10/24/2024,0.0733513322918302
10/23/2024,0.07335255942522477
10/22/2024,0.0733415167025654
10/21/2024,0.07203749036820163
10/18/2024,0.07207995726688247
10/17/2024,0.07589146748372191
10/16/2024,0.0759251609549069
10/15/2024,0.07594871530817156
10/14/2024,0.07728881154282637
10/10/2024,0.07593503050271565
10/09/2024,0.07461812886036245
10/08/2024,0.07974686800607106
10/07/2024,0.08755383595243768
10/04/2024,0.08754143735315889
10/03/2024,0.08111950061290289
10/02/2024,0.07856754619385319
09/30/2024,0.07593845124172238
09/27/2024,0.07461966485478112
09/26/2024,0.08099060508980958
09/25/2024,0.07321810259782967
09/24/2024,0.07321142560627408
09/23/2024,0.06679082910538822
09/20/2024,0.06672809072967167
09/19/2024,0.06927873142945115
09/17/2024,0.06672766259414055
09/16/2024,0.07313449304965704
09/13/2024,0.07437594733157053
09/12/2024,0.07433086204576474
09/11/2024,0.07821986964209922
09/10/2024,0.08721403735582431
09/09/2024,0.08721437292865865
09/05/2024,0.08722723850107689
09/04/2024,0.08721549152342378
09/03/2024,0.08206359159002055
09/02/2024,0.08978088334128535
08/30/2024,0.11413578054126008
08/29/2024,0.11412831613287101
08/28/2024,0.11410168639728412
08/27/2024,0.11406878219399127
08/26/2024,0.10260659221703346
08/23/2024,0.10262449313121438
08/22/2024,0.10388344533935259
08/21/2024,0.09622404035764551
08/20/2024,0.0962796268458409
08/19/2024,0.0962513314767521
08/16/2024,0.08850817546168557
08/15/2024,0.07567449705318378
08/14/2024,0.07699997818333952
08/13/2024,0.07189654087767702
08/12/2024,0.07444296128966012
08/09/2024,0.07053624216246164
08/08/2024,0.0705704530494776
08/07/2024,0.07051725044265601
08/06/2024,0.06286201787077364
08/05/2024,0.06295052987644995
08/02/2024,0.06916966935617128
08/01/2024,0.06397617015614024
07/31/2024,0.06400647233448246
07/30/2024,0.06399369278163944
07/29/2024,0.06209828173414254
07/26/2024,0.06212333724005866
07/25/2024,0.0621236555352177
07/24/2024,0.06210798337298853
07/23/2024,0.06211386945073409
07/22/2024,0.062126281594736814
07/19/2024,0.06209597605271884
07/18/2024,0.06210193937314175
07/17/2024,0.06211721069389407
07/16/2024,0.06212166624398316
07/15/2024,0.06213487752382905
07/12/2024,0.0621236555352177
07/11/2024,0.062119358825752
07/10/2024,0.06209255759884878
07/09/2024,0.06208603972994492
07/08/2024,0.062096691590699575
07/05/2024,0.06208405284696985
07/04/2024,0.055062483113104736
07/03/2024,0.06478209658421673
07/02/2024,0.06475556693114921
06/28/2024,0.0648031699764096
06/27/2024,0.06479553551077066
06/26/2024,0.06479819077304498
06/25/2024,0.06658706098158292
06/24/2024,0.06659742242360828
06/21/2024,0.06662438580644335
06/20/2024,0.06663309383861721
06/19/2024,0.06661303463365394
06/18/2024,0.06659844595087852
06/17/2024,0.06657448660828597
06/14/2024,0.06656647558674507
06/13/2024,0.08322130465399143
06/12/2024,0.08323846282890399
06/11/2024,0.08321214231580672
06/07/2024,0.08320734887305248
06/06/2024,0.08450228156160217
06/05/2024,0.08449579057334235
06/04/2024,0.08447805362564448
06/03/2024,0.08056348402541202
05/31/2024,0.07544593020356335
05/30/2024,0.07547749107702542
05/29/2024,0.07550888509211443
05/28/2024,0.07553295541251234
05/27/2024,0.07556633122900311
05/24/2024,0.07551729346020239
05/23/2024,0.07555326761479614
05/22/2024,0.075576688562557
05/21/2024,0.10378494733874895
05/20/2024,0.10387065666772674
05/17/2024,0.11279853156820721
05/16/2024,0.08843308114952751
05/14/2024,0.09472218239908248
05/13/2024,0.09472121243151913
05/10/2024,0.09470315041547808
05/09/2024,0.09596720224895941
05/08/2024,0.07035722280853243
05/07/2024,0.07032124021096373
05/06/2024,0.057570965810522436
05/03/2024,0.05760626756191073
05/02/2024,0.0620488663608148
04/30/2024,0.06648434613284851
04/29/2024,0.06643745743850384
04/26/2024,0.06642591530440314
04/25/2024,0.06642557589058175
04/24/2024,0.06638919388198045
04/23/2024,0.06635700066357
04/22/2024,0.06636038795303727
04/19/2024,0.06638300697149233
04/18/2024,0.06640233429744415
04/17/2024,0.06640207991745711
04/16/2024,0.05745490109457971
04/15/2024,0.057478605185847485
04/12/2024,0.057419857828432015
04/11/2024,0.05742322833389693
04/10/2024,0.057436714313612115
04/09/2024,0.057467888221126216
04/08/2024,0.057461063744750296
04/05/2024,0.05748190916580976
04/03/2024,0.0574799267322534
04/02/2024,0.05747816468388287
03/28/2024,0.05749983069494296
03/27/2024,0.05751644011579977
03/26/2024,0.05751805747459939
03/25/2024,0.0575332798060745
03/22/2024,0.057534677428634634
03/21/2024,0.05753725217426883
03/20/2024,0.05368468682654477
03/19/2024,0.05368873571975503
03/18/2024,0.05370960749786121
03/15/2024,0.0536936775694662
03/14/2024,0.053693334356063514
03/13/2024,0.05368715726502281
03/12/2024,0.05368269691644032
03/11/2024,0.053705692803437156
03/08/2024,0.05370328932647124
03/07/2024,0.05369985616109956
03/06/2024,0.053679197777169986
03/05/2024,0.0536823538434009
03/04/2024,0.05367720827395825
03/01/2024,0.05364505367059893
02/29/2024,0.05364950776576625
02/28/2024,0.05748939959348606
02/27/2024,0.05750960410388536
02/26/2024,0.06518588201610985
02/23/2024,0.07157134896656084
02/22/2024,0.07158973965624142
02/21/2024,0.07160145606675303
02/20/2024,0.0716029208877228
02/19/2024,0.07160182226637668
02/16/2024,0.07031548641057342
02/15/2024,0.07033167137462612
02/14/2024,0.07034417486282886
02/09/2024,0.07033167137462612
02/08/2024,0.07032321829733423
02/07/2024,0.0703405762811577
02/06/2024,0.06327584818398316
02/05/2024,0.06328458502571656
02/02/2024,0.06329801858020626
02/01/2024,0.06330562806216995
01/31/2024,0.06332125752179786
01/30/2024,0.06331988052370018
01/29/2024,0.06334702652896687
01/26/2024,0.06335562085948619
01/25/2024,0.06331769364981095
01/24/2024,0.06906907675109296
01/23/2024,0.06903684649912872
01/22/2024,0.06906748660858177
01/19/2024,0.06905697584156795
01/18/2024,0.06648936170212766
01/17/2024,0.06647134318131848
01/16/2024,0.06644195656229317
01/15/2024,0.06647950130146409
01/12/2024,0.06649999040865523
01/11/2024,0.06650560373659177
01/10/2024,0.05754909897294041
01/09/2024,0.06333519287165604
01/08/2024,0.06341251570900958
01/05/2024,0.06338093091862657
01/04/2024,0.06339408065776161
01/03/2024,0.06275799620122006
01/02/2024,0.07037594831590357
12/29/2023,0.07296607077708865
12/28/2023,0.0729378735666748
12/27/2023,0.06401843730994526
12/22/2023,0.06398026336835613
12/21/2023,0.06402384760275508
12/20/2023,0.0640432830123911
12/19/2023,0.06411061902649308
12/18/2023,0.0641320813040874
12/15/2023,0.06405969338468358
12/14/2023,0.06404722073490343
12/13/2023,0.06399033489981673
12/12/2023,0.07041685497840765
12/11/2023,0.07686601868612915
12/08/2023,0.21509644130619876
12/07/2023,0.06655190728807377
12/06/2023,0.06656758337909856
12/05/2023,0.06650118103539782
12/04/2023,0.06652602382910999
12/01/2023,0.06654245408570668
11/30/2023,0.0665850572887589
11/29/2023,0.06661772825859978
11/28/2023,0.06669394277916225
11/27/2023,0.06673785371062467
11/24/2023,0.06672303908045388
11/23/2023,0.06669283077720234
11/22/2023,0.06669394277916225
11/21/2023,0.06670634839186389
11/20/2023,0.06671978588081023
11/17/2023,0.06668282442797037
11/16/2023,0.06663753410368031
11/15/2023,0.06661090138640344
11/14/2023,0.07045076964263527
11/13/2023,0.0704497769944332
11/10/2023,0.07041036440564051
11/09/2023,0.07043092199199137
11/08/2023,0.0703691051480758
11/07/2023,0.07033185124941338
11/06/2023,0.07033418970537647
11/03/2023,0.0702886178446187
11/02/2023,0.07028439622508897
11/01/2023,0.07029984802451038
10/31/2023,0.070289516126971
10/30/2023,0.0703269949530791
10/27/2023,0.07031440767782195
10/26/2023,0.07032348804500704
10/25/2023,0.07031135144809425
10/24/2023,0.07030622836485609
10/20/2023,0.07029769155162342
10/19/2023,0.0702840369617361
10/18/2023,0.07025584624444181
10/17/2023,0.07030020744952126
10/16/2023,0.0703430052833992
10/13/2023,0.07029796110349906
10/12/2023,0.07030802585290027
10/11/2023,0.07033418970537647
10/10/2023,0.07033850726341005
10/09/2023,0.07023888884631987
10/06/2023,0.070226602092242
10/05/2023,0.07023844034904674
10/04/2023,0.07025315404728422
10/03/2023,0.07022561575096721
09/29/2023,0.07023530102850022
09/28/2023,0.07026006443486638
09/27/2023,0.07032384771178987
09/26/2023,0.07030982343285797
09/25/2023,0.07036730453562058
09/22/2023,0.07032780428922886
09/21/2023,0.07032681510313109
09/20/2023,0.07030847523927253
09/19/2023,0.07033985660900505
09/18/2023,0.07034111604493647
09/15/2023,0.0702522566940821
09/14/2023,0.07664832216822773
09/13/2023,0.07667163328468944
09/12/2023,0.07664695136750936
09/11/2023,0.07659919979369283
09/07/2023,0.07653949629357489
09/06/2023,0.07650319209569019
09/05/2023,0.07653031939928802
09/04/2023,0.07658746671636342
08/31/2023,0.07650211910869929
08/30/2023,0.07646019864359607
08/29/2023,0.07646468096386279
08/28/2023,0.07647530421238721
08/25/2023,0.07648407792707754
08/24/2023,0.08670405991760566
08/23/2023,0.08672473823158056
08/22/2023,0.08675361590346875
08/21/2023,0.08674409853109075
08/18/2023,0.08681763572596779
08/17/2023,0.08684557706970253
08/16/2023,0.08684036442303518
08/15/2023,0.08436143506470267
08/14/2023,0.08057523040678981
08/11/2023,0.0805906913913791
08/10/2023,0.08057729152864075
08/09/2023,0.08056132059185717
08/08/2023,0.09214549261364292
08/07/2023,0.09223095142631323
08/04/2023,0.09218595956621385
08/03/2023,0.09222516261089435
08/02/2023,0.08331218485563921
08/01/2023,0.08082974945343693
07/31/2023,0.0730800149237083
07/28/2023,0.07310082142238808
07/27/2023,0.07305547473882666
07/26/2023,0.07305360211932345
07/25/2023,0.07296056033710338
07/24/2023,0.07295915951048243
07/21/2023,0.07291594710139922
07/20/2023,0.07294982204082887
07/19/2023,0.07299634634076999
07/18/2023,0.0729583190403293
07/14/2023,0.07294375396711644
07/13/2023,0.07286971151264736
07/12/2023,0.07282567449989842
07/11/2023,0.07281599908021895
07/10/2023,0.07281190640732002
07/07/2023,0.06005077484664693
07/06/2023,0.060085090715702914
07/05/2023,0.06008562841257605
07/04/2023,0.05554640423225292
07/03/2023,0.054892799468944084
06/30/2023,0.059465853711447685
06/29/2023,0.059453411362746185
06/28/2023,0.05949515931552479
06/27/2023,0.05948551412844787
06/26/2023,0.05951331897861862
06/23/2023,0.05951544719600506
06/21/2023,0.06132100781076338
06/20/2023,0.061333074371463764
06/19/2023,0.06333389630130046
06/16/2023,0.07416690110227359
06/15/2023,0.07414623170953084
06/14/2023,0.07406243974445904
06/13/2023,0.07404400256345443
06/12/2023,0.0740408833332695
06/09/2023,0.07399393760014696
06/08/2023,0.07401631676941747
06/07/2023,0.07396289358142358
06/06/2023,0.07395063412668763
06/05/2023,0.07400488942648761
06/02/2023,0.07400498385287808
06/01/2023,0.07406054832897695
05/31/2023,0.0727990732805689
05/30/2023,0.07148574178584148
05/29/2023,0.07025476934081867
05/25/2023,0.07020338559018072
05/24/2023,0.0702431050006705
05/23/2023,0.07019326119167739
05/22/2023,0.07025620521965284
05/19/2023,0.07037324690645605
05/18/2023,0.070258089899697
05/17/2023,0.07024498897792264
05/16/2023,0.07017033529937855
05/15/2023,0.07016550128147721
05/12/2023,0.07013078754324202
05/11/2023,0.0701893197378748
05/10/2023,0.07024956477201462
05/09/2023,0.07013561677898993
05/08/2023,0.07007788838758423
05/05/2023,0.07008279964219545
05/04/2023,0.07008119224672657
05/03/2023,0.07006431904488321
05/02/2023,0.07006431904488321
04/28/2023,0.07006494383339322
04/27/2023,0.07006431904488321
04/26/2023,0.0700646760655245
04/25/2023,0.0700646760655245
04/24/2023,0.07007306709814688
04/21/2023,0.07008262103905769
04/20/2023,0.06751695567320774
04/19/2023,0.06751738572682467
04/18/2023,0.06751609558240913
04/17/2023,0.06752142849862919
04/14/2023,0.06751618159050289
04/13/2023,0.0675166116342587
04/12/2023,0.0675162675988158
04/11/2023,0.06751635360734783
04/06/2023,0.06751643961609897
04/04/2023,0.06751953607708949
04/03/2023,0.06751635360734783
03/31/2023,0.0675162675988158
03/30/2023,0.06751609558240913
03/29/2023,0.06751652562506927
03/28/2023,0.06751669764366725
03/27/2023,0.06751695567320774
03/24/2023,0.06879252556470383
03/23/2023,0.06879112339726237
03/22/2023,0.06881128505074832
03/21/2023,0.07519669032600951
03/20/2023,0.07523293519383956
03/17/2023,0.07516593836393054
03/16/2023,0.07516162935125321
03/15/2023,0.07516565108104767
03/14/2023,0.07517455787166812
03/13/2023,0.07523811588455157
03/10/2023,0.0751668002257552
03/09/2023,0.07515981013867622
03/08/2023,0.07516038461734446
03/07/2023,0.07516000163058988
03/06/2023,0.07516354440700422
03/03/2023,0.07516067185997184
03/02/2023,0.07516306563391764
03/01/2023,0.07516507652186986
02/28/2023,0.0751662256490094
02/27/2023,0.07520234529348033
02/24/2023,0.075171397155973
02/23/2023,0.07518844901522247
02/22/2023,0.0752074259047517
02/21/2023,0.07520867219726597
02/20/2023,0.07531110506920324
02/17/2023,0.07520924742312722
02/16/2023,0.07516565108104767
02/15/2023,0.07516948170005339
02/14/2023,0.0751594271577762
02/13/2023,0.07516000163058988
02/10/2023,0.07516000163058988
02/09/2023,0.07516000163058988
02/08/2023,0.07516067185997184
02/07/2023,0.07517886836689835
02/06/2023,0.07519103620894442
02/03/2023,0.08539785842564587
02/02/2023,0.08542693064863267
02/01/2023,0.08544261826788685
01/31/2023,0.08547215712589029
01/30/2023,0.085521688683183
01/27/2023,0.08557433791645647
01/26/2023,0.08558155219388948
01/20/2023,0.08560320232636284
01/19/2023,0.08557521230954726
01/18/2023,0.08564719236998564
01/17/2023,0.08570372350699636
01/16/2023,0.08578119138551987
01/13/2023,0.08578690277270952
01/12/2023,0.08579876731502362
01/11/2023,0.08576702603477278
01/10/2023,0.08580503047999591
01/09/2023,0.08584405850208525
01/06/2023,0.07555723460521345
01/05/2023,0.07555133264867606
01/04/2023,0.07545924625165785
01/03/2023,0.07551671351262793
12/30/2022,0.07566721813961243
12/29/2022,0.07569362300470325
12/28/2022,0.07569857596865309
12/23/2022,0.07560002716475553
12/22/2022,0.07565208248385019
12/21/2022,0.07569770186909172
12/20/2022,0.07576409372660463
12/19/2022,0.07584912452112205
12/16/2022,0.07579387662555384
12/15/2022,0.07589039369106435
12/14/2022,0.07591558701405983
12/13/2022,0.07586736327479544
12/12/2022,0.07459624780873522
12/09/2022,0.07449679342681396
12/08/2022,0.07451804171725541
12/07/2022,0.07449124406799253
12/06/2022,0.0745900121401675
12/05/2022,0.07465078235306988
12/02/2022,0.07708228148136728
12/01/2022,0.0771382729254947
11/30/2022,0.0768870977042794
11/29/2022,0.07553711368847725
11/28/2022,0.0754698638600405
11/25/2022,0.07548096728219904
11/24/2022,0.07556807338556495
11/23/2022,0.07546523035441796
11/22/2022,0.07547623585939929
11/21/2022,0.07562667596404785
11/18/2022,0.07541748049371606
11/17/2022,0.07538510288149973
11/16/2022,0.07540543200283217
11/15/2022,0.07540456466005321
11/14/2022,0.07529082676984487
11/11/2022,0.0752923640781407
11/10/2022,0.07520387899058549
11/09/2022,0.07516335289703767
11/08/2022,0.07515981013867622
11/07/2022,0.07516048036464297
11/04/2022,0.07515961864773833
11/03/2022,0.07261266747092626
11/02/2022,0.07261257496929889
11/01/2022,0.07261340749242973
10/31/2022,0.07261729285280219
10/28/2022,0.07261581266649085
10/27/2022,0.07261821799989043
10/26/2022,0.07261257496929889
10/25/2022,0.07261174246525783
10/24/2022,0.07261257496929889
10/21/2022,0.08535281925457688
10/20/2022,0.08535608136600306
10/19/2022,0.08535042719799645
10/18/2022,0.08535162320952677
10/17/2022,0.08535053592493229
10/14/2022,0.07643341312132403
10/13/2022,0.07643477629451849
10/12/2022,0.07643312101910828
10/11/2022,0.07643370522577242
10/10/2022,0.07261164996598717
10/07/2022,0.0726120199644838
10/06/2022,0.07261257496929889
10/05/2022,0.07261377750883785
10/03/2022,0.07261229746583081
09/30/2022,0.06305772648233429
09/29/2022,0.07006583640773732
09/28/2022,0.07006762162465158
09/27/2022,0.0700642297902914
09/26/2022,0.07006494383339322
09/23/2022,0.07006503308980427
09/22/2022,0.06624634211904212
09/21/2022,0.07006440829970242
09/20/2022,0.07006681826578257
09/19/2022,0.07007029962060118
09/16/2022,0.07898431269634608
09/15/2022,0.08154143897706265
09/14/2022,0.08154143897706265
09/13/2022,0.08153447889276177
09/09/2022,0.08153811460946427
09/08/2022,0.0815379068454895
09/07/2022,0.08153011646067575
09/06/2022,0.08152990873745841
09/05/2022,0.08408500229322734
09/02/2022,0.09427207941276139
09/01/2022,0.09683341976140755
08/31/2022,0.10446951146489188
08/30/2022,0.10447310518275785
08/29/2022,0.1044992003262414
08/26/2022,0.10451118715786925
08/25/2022,0.10450958875476825
08/24/2022,0.10450119794056174
08/23/2022,0.10449573797566268
08/22/2022,0.10067965136803256
08/19/2022,0.11342853683559871
08/18/2022,0.09305574676599411
08/17/2022,0.09307271273808446
08/16/2022,0.09437499521748334
08/15/2022,0.09441087613293052
08/12/2022,0.09568022902019618
08/11/2022,0.09561582327136153
08/10/2022,0.09557086388415284
08/09/2022,0.09554237495413967
08/08/2022,0.09554213153221552
08/05/2022,0.09554140127388536
08/04/2022,0.09554359208236621
08/03/2022,0.09936343705772124
08/02/2022,0.09936356363599305
08/01/2022,0.09936356363599305
07/29/2022,0.09936419653218953
07/28/2022,0.09936482943644856
07/27/2022,0.08662663157438809
07/26/2022,0.08917617773067009
07/25/2022,0.08917856351169894
07/22/2022,0.08918788064113345
07/21/2022,0.08918072218548825
07/20/2022,0.08917220171261582
07/19/2022,0.08917242890409632
07/18/2022,0.0891720881173097
07/15/2022,0.08917242890409632
07/14/2022,0.08917265609673448
07/13/2022,0.08917197452229299
07/12/2022,0.08917288329053036
07/11/2022,0.08917515529216329
07/08/2022,0.08918810791251411
07/07/2022,0.09556940250009557
07/06/2022,0.10067811168643483
07/05/2022,0.1006702856997222
07/04/2022,0.10069107214324133
06/30/2022,0.10067002913059324
06/29/2022,0.0968566203411647
06/28/2022,0.0891952675539472
06/27/2022,0.08412787436904094
06/24/2022,0.08663281192271335
06/23/2022,0.08663292229409074
06/22/2022,0.0866244245208268
06/21/2022,0.0866248659225421
06/20/2022,0.08662431417110086
06/17/2022,0.08662420382165606
06/16/2022,0.086625969446511
06/15/2022,0.08662453487083391
06/14/2022,0.0866244245208268
06/13/2022,0.0866244245208268
06/10/2022,0.08790380011949821
06/09/2022,0.08791029582451575
06/08/2022,0.08792922844013548
06/07/2022,0.08793696066923849
06/06/2022,0.08794973863632019
06/02/2022,0.0879499628443273
06/01/2022,0.08792687542290914
05/31/2022,0.08666262241095415
05/30/2022,0.08664473365663712
05/27/2022,0.08663192896181826
05/26/2022,0.0866288387404167
05/25/2022,0.08917504168933199
05/24/2022,0.09172617189739407
05/23/2022,0.09299493368696886
05/20/2022,0.09301009987755794
05/19/2022,0.08665732126927489
05/18/2022,0.08662950091215768
05/17/2022,0.09044850995634265
05/16/2022,0.09044689684340329
05/13/2022,0.09044597509041413
05/12/2022,0.08535075337963506
05/11/2022,0.09172032942884988
05/10/2022,0.11592445292575485
05/06/2022,0.11592799724830248
05/05/2022,0.11593124640103548
05/04/2022,0.11593981322223496
05/03/2022,0.1159566551474561
04/29/2022,0.11597054603011156
04/28/2022,0.11598089246659495
04/27/2022,0.11597217177645154
04/26/2022,0.11598104028620554
04/25/2022,0.12487671609915722
04/22/2022,0.12490361392038032
04/21/2022,0.11345123763827666
04/20/2022,0.1134626637718814
04/19/2022,0.1134901537727825
04/14/2022,0.11348407588896921
04/13/2022,0.11352822770956163
04/12/2022,0.11356719668945243
04/11/2022,0.11355328647452771
04/08/2022,0.11353315168029064
04/07/2022,0.11355748815939899
04/06/2022,0.11354734669194477
04/04/2022,0.11359894212580637
04/01/2022,0.11360198714127621
03/31/2022,0.11363679891521546
03/30/2022,0.11371099010331091
03/29/2022,0.11370517907926911
03/28/2022,0.12516635630519132
03/25/2022,0.12518746183698548
03/24/2022,0.12526843235504653
03/23/2022,0.12524121714015515
03/22/2022,0.12520793460568444
03/21/2022,0.1252391364633746
03/18/2022,0.12527339640465354
03/17/2022,0.12537644918543686
03/16/2022,0.12531536634924367
03/15/2022,0.12520489525588432
03/14/2022,0.1264425950618419
03/11/2022,0.11114958050615219
03/10/2022,0.1112214803195508
03/09/2022,0.11126201821627801
03/08/2022,0.11380608466149723
03/07/2022,0.11385340031495178
03/04/2022,0.11517935985871332
03/03/2022,0.1151525387296372
03/02/2022,0.11519631371796102
03/01/2022,0.11513235743735839
02/28/2022,0.11518216058696829
02/25/2022,0.11525266585819055
02/24/2022,0.11526772209208355
02/23/2022,0.11530405037505843
02/22/2022,0.10510368093598671
02/21/2022,0.11152645099758488
02/18/2022,0.1115337428031891
02/17/2022,0.11155090375464956
02/16/2022,0.11152931041555564
02/15/2022,0.11150586751564928
02/14/2022,0.11152016079412609
02/11/2022,0.11155776961397165
02/10/2022,0.11162461284221924
02/09/2022,0.1116588526860371
02/08/2022,0.11161229736594978
02/07/2022,0.11293518547037505
02/04/2022,0.11297375157585546
01/31/2022,0.11285813219791213
01/28/2022,0.11291837541253702
01/27/2022,0.11552131560808496
01/26/2022,0.1156026300882819
01/25/2022,0.11560277857700686
01/24/2022,0.11560604542546878
01/21/2022,0.11558971302927246
01/20/2022,0.11558852539865198
01/19/2022,0.11936405909676062
01/18/2022,0.11935578676639505
01/17/2022,0.11936421229887773
01/14/2022,0.11945420986177992
01/13/2022,0.11941080398138733
01/12/2022,0.11933878613206313
01/11/2022,0.11929347477520236
01/10/2022,0.13597239503829034
01/07/2022,0.1359244465246299
01/06/2022,0.13587217760800877
01/05/2022,0.13598495441938274
01/04/2022,0.13599716715334836
01/03/2022,0.1372308607837806
12/31/2021,0.13721942154960484
12/30/2021,0.1371923269741912
12/29/2021,0.13723490896964802
12/28/2021,0.13719514149691442
12/24/2021,0.13719179926403652
12/23/2021,0.13717790435751384
12/22/2021,0.1371641880969687
12/21/2021,0.12048841388539244
12/20/2021,0.1204788393017354
12/17/2021,0.14099364631359296
12/16/2021,0.1409647370302831
12/15/2021,0.14099780299786965
12/14/2021,0.140955705310314
12/13/2021,0.1409893091652023
12/10/2021,0.1423288591636705
12/09/2021,0.1423790643771429
12/08/2021,0.14108352144469527
12/07/2021,0.14109021693262172
12/06/2021,0.12436152536462286
12/03/2021,0.14625753899880298
12/02/2021,0.14627048749130717
12/01/2021,0.14631385348336065
11/30/2021,0.14621458144152186
11/29/2021,0.14616284079020248
11/26/2021,0.13078398588558707
11/25/2021,0.13081853929558065
11/24/2021,0.14619001881234714
11/23/2021,0.13473163383278136
11/22/2021,0.14636645280901617
11/19/2021,0.1386147255043394
11/18/2021,0.11684252965360685
11/17/2021,0.11683892919047315
11/16/2021,0.11686323662365417
11/15/2021,0.11682212996269395
11/12/2021,0.1167840496088376
11/11/2021,0.11678060261357555
11/10/2021,0.11682902906090002
11/09/2021,0.11681493177237777
11/08/2021,0.116836679013693
11/05/2021,0.11690452240648602
11/04/2021,0.12975950809583706
11/03/2021,0.12974350608060284
11/02/2021,0.1297693446262643
11/01/2021,0.12720112553723203
10/29/2021,0.127260153174948
10/28/2021,0.12729091502881404
10/27/2021,0.12729582521125965
10/26/2021,0.12732251049124627
10/25/2021,0.12863638994835247
10/22/2021,0.12864549161874622
10/21/2021,0.12862795136834415
10/20/2021,0.12862166451868487
10/19/2021,0.12859354666145434
10/18/2021,0.12855188868434855
10/15/2021,0.12856031728686307
10/12/2021,0.1285241316909663
10/11/2021,0.12856494522490508
10/08/2021,0.12846881869067148
10/07/2021,0.12846139221318426
10/06/2021,0.128418830309926
10/05/2021,0.1284607321234045
10/04/2021,0.12843185983460545
09/30/2021,0.12845099658705703
09/29/2021,0.12846419767043024
09/28/2021,0.12847608096562624
09/27/2021,0.12847443037649434
09/24/2021,0.12845231657330325
09/23/2021,0.12846023706052148
09/21/2021,0.12840992557360714
09/20/2021,0.1284224585195459
09/17/2021,0.12851174404572963
09/16/2021,0.12847756653210785
09/15/2021,0.12849605645602738
09/14/2021,0.12856858169569102
09/13/2021,0.12853866957335444
09/10/2021,0.12856312706665227
09/09/2021,0.1285677552069941
09/08/2021,0.1286067770627241
09/07/2021,0.128637051844591
09/06/2021,0.12863456976881796
09/03/2021,0.12867214209521996
09/02/2021,0.12868290473347196
09/01/2021,0.12860561929392944
08/31/2021,0.12857089592057405
08/30/2021,0.12841751101180157
08/27/2021,0.12839624107164638
08/26/2021,0.12842476748695847
08/25/2021,0.12845677172717837
08/24/2021,0.12839607621591084
08/23/2021,0.12832308673485754
08/20/2021,0.12837300059051582
08/19/2021,0.12836113635546792
08/18/2021,0.12840794691101842
08/17/2021,0.12834169693391687
08/16/2021,0.12846452773227993
08/13/2021,0.12848747118668458
08/12/2021,0.12851108343839113
08/11/2021,0.12855469809571926
08/10/2021,0.11822943707366723
08/09/2021,0.13109511979137883
08/06/2021,0.13112444352457361
08/05/2021,0.1311576592215407
08/04/2021,0.1311753698952526
08/03/2021,0.1311386045052539
08/02/2021,0.1312293747949541
07/30/2021,0.13123494657965706
07/29/2021,0.13123764822134387
07/28/2021,0.13111972387728738
07/27/2021,0.13104088861139054
07/26/2021,0.1311301749816482
07/23/2021,0.13127565184152712
07/22/2021,0.13127227285070608
07/21/2021,0.1312060797295611
07/20/2021,0.132512698061455
07/19/2021,0.13254339187547612
07/16/2021,0.13259696957993794
07/15/2021,0.13259816448094255
07/14/2021,0.13260123718241684
07/13/2021,0.13134884966737836
07/12/2021,0.13132263783405196
07/09/2021,0.1287322703480663
07/08/2021,0.1287246476806393
07/07/2021,0.12873657921161719
07/06/2021,0.12875099942963306
07/05/2021,0.12873475619568198
07/02/2021,0.12874834719309292
06/30/2021,0.12876989977838701
06/29/2021,0.12879477711419846
06/28/2021,0.12883460085108137
06/25/2021,0.12884190454103292
06/24/2021,0.1288148518371574
06/23/2021,0.1287846591713995
06/22/2021,0.12876160946861373
06/21/2021,0.1300812170450184
06/18/2021,0.13010283276375773
06/17/2021,0.13007317582029812
06/16/2021,0.13269895502793763
06/15/2021,0.1327016904649326
06/11/2021,0.1353012579151236
06/10/2021,0.13530160660993448
06/09/2021,0.135306662886671
06/08/2021,0.13273366924831506
06/07/2021,0.13274341985712684
06/04/2021,0.13278911283980477
06/03/2021,0.13276326762625723
06/02/2021,0.13273880096912213
06/01/2021,0.13403996453096323
05/31/2021,0.1314182346665842
05/28/2021,0.13915391840684227
05/27/2021,0.13917077413743115
05/26/2021,0.1391429822979206
05/25/2021,0.13913401955605945
05/24/2021,0.13908241663425702
05/21/2021,0.139087969277013
05/20/2021,0.13911376801233477
05/18/2021,0.13906952188413446
05/17/2021,0.13906307540566504
05/14/2021,0.14034907002646033
05/13/2021,0.14030733743013596
05/12/2021,0.14034238391496023
05/11/2021,0.14032702634157143
05/10/2021,0.14037166295347128
05/07/2021,0.14034491372006727
05/06/2021,0.14031365895542275
05/05/2021,0.14415045188592554
05/04/2021,0.14418478309845378
05/03/2021,0.14421578802339385
04/30/2021,0.14420279032399277
04/29/2021,0.14426389989115807
04/28/2021,0.14426650144717335
04/27/2021,0.14430460640918602
04/26/2021,0.1443364069255701
04/23/2021,0.14432468931533401
04/22/2021,0.14434459178189535
04/21/2021,0.14427170484070215
04/20/2021,0.1442982851694861
04/19/2021,0.14164232993906806
04/16/2021,0.1312744691749528
04/15/2021,0.1313197636244255
04/14/2021,0.15191503057611844
04/13/2021,0.15178937808804555
04/12/2021,0.15180168011012055
04/09/2021,0.15169941917120694
04/08/2021,0.151694933774877
04/07/2021,0.15157412295744235
04/01/2021,0.151737848434464
03/31/2021,0.15177122160399026
03/30/2021,0.15177766373015475
03/29/2021,0.1518151560415356
03/26/2021,0.15189058728881738
03/25/2021,0.151883744577879
03/24/2021,0.1519136615440865
03/23/2021,0.1519152261541373
03/22/2021,0.151942612048019
03/19/2021,0.15197274793774268
03/18/2021,0.15197196503614485
03/17/2021,0.1519277441948795
03/16/2021,0.15195806987495653
03/15/2021,0.15194632946599876
03/12/2021,0.1519408512293045
03/11/2021,0.15205421377018424
03/10/2021,0.15203442677867393
03/09/2021,0.1520262000407121
03/08/2021,0.15187045193042786
03/05/2021,0.15197607535952645
03/04/2021,0.15209086269030692
03/03/2021,0.1521289021708021
03/02/2021,0.15209772407668304
03/01/2021,0.15212380299194
02/26/2021,0.1534088345440599
02/25/2021,0.15347313575279217
02/24/2021,0.1534563133087889
02/23/2021,0.15347729245420508
02/22/2021,0.15347313575279217
02/19/2021,0.15347709451093686
02/18/2021,0.1547811909896709
02/17/2021,0.1405992624343279
02/16/2021,0.14189136023507531
02/11/2021,0.14188312442118134
02/10/2021,0.14189392268329146
02/09/2021,0.14189941395542036
02/08/2021,0.1418858695862479
02/05/2021,0.14189538698096926
02/04/2021,0.1393090015543273
02/03/2021,0.1393291302379045
02/02/2021,0.1393289504917796
02/01/2021,0.13930109544833671
01/29/2021,0.13928869904355093
01/28/2021,0.13929678340510987
01/27/2021,0.13931906516907272
01/26/2021,0.1393093609441047
01/25/2021,0.13932283939946696
01/22/2021,0.13931133762102674
01/21/2021,0.13932391778856823
01/20/2021,0.13803673067098754
01/19/2021,0.1328718509048831
01/18/2021,0.132848372284992
01/15/2021,0.1418708639806643
01/14/2021,0.14186226463760643
01/13/2021,0.14186665566125342
01/12/2021,0.14828683573944842
01/11/2021,0.14698809783218342
01/08/2021,0.12893376930138528
01/07/2021,0.14187177886574803
01/06/2021,0.1418745235917986
01/05/2021,0.141873608671315
01/04/2021,0.1418694001890732
12/31/2020,0.14187470657731138
12/30/2020,0.141896485224061
12/29/2020,0.1418613498752265
12/28/2020,0.14186610676843198
12/24/2020,0.14189154326402148
12/23/2020,0.14188458849599758
12/22/2020,0.14188861485754384
12/21/2020,0.14188879787940742
12/18/2020,0.14189666826622913
12/17/2020,0.14189630218236515
12/16/2020,0.1419005122608493
12/15/2020,0.14190289198093858
12/14/2020,0.14189831566699304
12/11/2020,0.13546953741668624
12/10/2020,0.13546761485395944
12/09/2020,0.13544489779070024
12/08/2020,0.13546307083170453
12/07/2020,0.13547215918107725
12/04/2020,0.1354744314589693
12/03/2020,0.1354620222544751
12/02/2020,0.13545328474215498
12/01/2020,0.13544856695416163
11/30/2020,0.13544018058690746
11/27/2020,0.13547215918107725
11/26/2020,0.13546901307598525
11/25/2020,0.13546586711701541
11/24/2020,0.13545643011673764
11/23/2020,0.13545503215444454
11/20/2020,0.13544175295166277
11/19/2020,0.12510979351724902
11/18/2020,0.13544489779070024
11/17/2020,0.14705559862593312
11/16/2020,0.14702999411880024
11/13/2020,0.1470301837490375
11/12/2020,0.14701444610373027
11/11/2020,0.14702639123722708
11/10/2020,0.1470301837490375
11/09/2020,0.14703701076336714
11/06/2020,0.14702904597495087
11/05/2020,0.14698506554373514
11/04/2020,0.14698354944642644
11/03/2020,0.14707950421305366
11/02/2020,0.14708197110484364
10/30/2020,0.14700496722047135
10/29/2020,0.1341404114757122
10/28/2020,0.1341920766030308
10/27/2020,0.13419268262785403
10/23/2020,0.13419268262785403
10/22/2020,0.13419285577880888
10/21/2020,0.13419233632728478
10/20/2020,0.13419285577880888
10/19/2020,0.13419285577880888
10/16/2020,0.13419199002850288
10/15/2020,0.13419095114288113
10/14/2020,0.13419285577880888
10/12/2020,0.13419285577880888
10/09/2020,0.1341930289302106
10/08/2020,0.13419112428936766
10/07/2020,0.13419268262785403
10/06/2020,0.13419268262785403
10/05/2020,0.13419233632728478
09/30/2020,0.13419268262785403
09/29/2020,0.13419285577880888
09/28/2020,0.13419233632728478
09/25/2020,0.13419250947734598
09/24/2020,0.13419060485124842
09/23/2020,0.13419233632728478
09/22/2020,0.13419060485124842
09/21/2020,0.13419199002850288
09/18/2020,0.13419233632728478
09/17/2020,0.1341930289302106
09/16/2020,0.13031955386842628
09/15/2020,0.130321571703961
09/14/2020,0.13032173985974285
09/11/2020,0.13031804053278143
09/10/2020,0.13031619094805674
09/09/2020,0.1303128282012443
09/08/2020,0.13031635908995312
09/07/2020,0.1303153502450832
09/04/2020,0.13031467769051425
09/03/2020,0.1303155183848101
09/02/2020,0.1303198901700094
09/01/2020,0.130321571703961
08/31/2020,0.14322155600543468
08/28/2020,0.14321878411123068
08/27/2020,0.14322451281085202
08/26/2020,0.14321933848148793
08/25/2020,0.14321767538359115
08/24/2020,0.16128865766546926
08/21/2020,0.16128220644380475
08/20/2020,0.1612880333311398
08/19/2020,0.16128720089288595
08/18/2020,0.16128678467698127
08/17/2020,0.1664453846243173
08/14/2020,0.1483773325884361
08/13/2020,0.14838097007607426
08/12/2020,0.14837101527060292
08/11/2020,0.1535440284275801
08/10/2020,0.1548305186435298
08/07/2020,0.15483371504145027
08/06/2020,0.15483511350704113
08/05/2020,0.15483511350704113
08/04/2020,0.15483651199789422
08/03/2020,0.1548291202609387
07/31/2020,0.15483631221193994
07/30/2020,0.15483731114686705
07/29/2020,0.15483711135885048
07/28/2020,0.14193090545466275
07/27/2020,0.14191149625031124
07/24/2020,0.14189776652915484
07/23/2020,0.1419151579580215
07/22/2020,0.14189630218236515
07/21/2020,0.14191973535839894
07/20/2020,0.14190106141993944
07/17/2020,0.14186391123961975
07/16/2020,0.14185952038585792
07/15/2020,0.1418838564548126
07/14/2020,0.14192156640123035
07/13/2020,0.14191955225671443
07/10/2020,0.14191881985470092
07/09/2020,0.14193438502411596
07/08/2020,0.14193420188462813
07/07/2020,0.14193420188462813
07/06/2020,0.14193401874561296
07/03/2020,0.13677278170031792
07/02/2020,0.13547827702598086
06/30/2020,0.1354758298217138
06/29/2020,0.13547548022832137
06/26/2020,0.13547845182966878
06/24/2020,0.13547845182966878
06/23/2020,0.13548264725350867
06/22/2020,0.14064225770822797
06/19/2020,0.14064334653746405
06/18/2020,0.14064207623832767
06/17/2020,0.13032123539369916
06/16/2020,0.1303214035486131
06/15/2020,0.13032005832145185
06/12/2020,0.1316110351982101
06/11/2020,0.13418523755948022
06/10/2020,0.13419216317767044
06/09/2020,0.1380636253959652
06/08/2020,0.10193443164457658
06/05/2020,0.10193443164457658